ideal,130.33,59.17,2.9,70.4,0.0,33.5,9470.8,4341.3,0
ideal,130.33,59.17,8.9,79.4,0.0,34.5,10073.8,176.7,0
ideal,130.33,59.17,3.1,79.6,0.0,34.5,9890.2,107.9,0
ideal,130.33,59.17,3.8,79.6,0.0,35.0,9518.7,247.2,0
ideal,130.33,59.17,3.5,79.6,0.0,34.5,9951.9,149.7,0
ideal,41.81,110.72,3.0,79.6,0.0,34.5,9577.8,131.6,0
ideal,41.81,110.72,3.4,79.6,0.0,35.5,9546.9,175.1,0
ideal,41.81,110.72,3.2,79.6,0.0,35.0,8319.1,110.0,0
ideal,41.81,110.72,3.5,79.6,0.0,35.5,8912.8,105.9,0
ideal,41.81,110.72,3.5,79.7,0.0,35.5,8925.7,104.9,0
ideal,55.94,107.95,3.2,79.6,0.0,35.0,9258.4,100.5,0
ideal,55.94,107.95,3.1,79.6,0.0,36.0,8777.5,97.9,0
ideal,55.94,107.95,3.3,79.6,0.0,36.0,8718.1,171.7,0
ideal,55.94,107.95,3.3,79.6,0.0,35.5,7664.1,163.5,0
ideal,55.94,107.95,3.9,79.7,0.0,35.0,8538.6,194.6,0
ideal,47.71,131.26,3.2,79.6,0.0,35.0,8721.1,146.7,0
ideal,47.71,131.26,3.4,79.6,0.0,35.0,9634.9,186.7,0
ideal,47.71,131.26,3.2,79.6,0.0,35.0,8780.5,163.8,0
ideal,47.71,131.26,3.8,79.7,0.0,35.0,8491.8,194.2,0
ideal,47.71,131.26,6.1,79.7,7.8,35.0,8782.1,195.9,0
ideal,32.52,116.87,4.2,79.7,0.0,35.0,9092.7,138.2,0
ideal,32.52,116.87,4.0,79.6,0.0,35.0,9159.9,114.4,0
ideal,32.52,116.87,4.6,79.7,0.0,36.0,9132.8,114.3,0
ideal,32.52,116.87,5.1,79.7,0.0,35.5,9854.9,156.7,0
ideal,32.52,116.87,7.0,80.1,0.0,35.5,9353.7,167.9,0
ideal,62.61,514.45,14.1,79.5,0.0,35.5,8785.8,163.2,0
ideal,62.61,514.45,4.6,79.5,0.0,35.5,9410.4,134.3,0
ideal,62.61,514.45,4.2,79.5,0.0,36.0,9311.6,134.7,0
ideal,62.61,514.45,4.2,79.5,0.0,36.5,8658.7,131.1,0
ideal,62.61,514.45,4.4,79.5,0.0,36.0,9221.7,121.7,0
ideal,31.21,3553.74,3.6,79.5,0.0,36.0,9276.9,114.1,0
ideal,31.21,3553.74,4.0,79.5,0.0,36.5,8985.0,115.0,0
ideal,31.21,3553.74,3.5,79.5,0.0,36.5,8597.6,137.1,0
ideal,31.21,3553.74,3.7,79.6,0.0,36.0,8829.4,162.8,0
ideal,31.21,3553.74,3.2,79.5,0.0,36.0,8701.8,196.4,0
ideal,32.87,139.17,4.1,79.6,0.0,36.0,8818.6,162.3,0
ideal,32.87,139.17,3.5,79.6,0.0,36.0,8572.4,128.3,0
ideal,32.87,139.17,3.5,79.6,0.0,37.0,8375.0,123.1,0
ideal,32.87,139.17,5.2,79.6,1.5,37.0,8623.4,170.7,0
ideal,32.87,139.17,7.3,79.6,0.0,37.0,8581.3,159.5,0
ideal,49.05,142.03,6.0,79.6,0.0,36.0,9084.5,149.7,0
ideal,49.05,142.03,7.0,79.6,1.0,36.5,8772.3,109.5,0
ideal,49.05,142.03,4.7,79.6,0.0,37.0,9119.2,177.0,0
ideal,49.05,142.03,3.6,79.6,0.0,36.5,9654.8,142.7,0
ideal,49.05,142.03,3.2,79.6,0.0,37.0,7724.1,132.3,0
ideal,58.71,139.46,4.8,79.6,0.0,37.0,9325.1,184.8,0
ideal,58.71,139.46,6.7,79.6,0.0,37.0,10663.5,167.0,0
ideal,58.71,139.46,6.6,79.6,0.0,37.0,9390.3,424.9,0
ideal,58.71,139.46,4.0,79.6,0.0,36.5,7966.5,187.4,0
ideal,58.71,139.46,4.2,79.6,0.0,36.5,8654.1,107.3,0
ideal,37.05,251.8,5.9,79.6,0.0,37.0,8489.9,245.8,0
ideal,37.05,251.8,7.4,79.7,0.0,37.0,8566.5,127.5,0
ideal,37.05,251.8,3.8,79.7,0.0,37.5,8236.2,125.9,0
ideal,37.05,251.8,3.4,79.7,0.0,37.5,8701.4,146.8,0
ideal,37.05,251.8,3.4,79.7,0.0,37.0,8309.0,126.0,0
ideal,47.0,181.18,3.3,79.7,0.0,37.0,8495.4,118.5,0
ideal,47.0,181.18,4.3,79.7,0.0,37.5,9055.7,141.4,0
ideal,47.0,181.18,3.5,79.7,0.0,37.5,8922.5,129.9,0
ideal,47.0,181.18,3.2,79.7,0.0,37.5,8767.4,163.2,0
ideal,47.0,181.18,3.4,79.7,0.0,37.5,9231.4,191.7,0
ideal,47.36,142.84,3.1,79.7,0.0,37.0,9320.1,425.4,0
ideal,71.01,112.46,3.4,70.5,0.0,36.0,9778.6,4587.0,0
ideal,71.01,112.46,8.4,79.4,0.0,36.0,9602.9,254.0,0
ideal,71.01,112.46,3.2,79.6,0.0,36.0,9356.4,195.2,0
ideal,71.01,112.46,3.3,79.7,0.0,36.0,9154.8,168.3,0
ideal,71.01,112.46,3.4,79.7,0.0,36.0,11053.2,148.1,0
ideal,46.42,204.54,2.9,79.7,0.0,36.0,9546.6,163.8,0
ideal,46.42,204.54,3.1,79.7,0.0,36.5,9202.9,146.1,0
ideal,46.42,204.54,3.3,79.7,0.0,36.0,8581.7,185.6,0
ideal,46.42,204.54,3.6,79.7,0.0,36.5,9188.7,108.0,0
ideal,46.42,204.54,3.4,79.7,0.0,37.5,8985.3,115.2,0
ideal,36.56,110.97,3.2,79.7,0.0,36.5,9316.9,131.1,0
ideal,36.56,110.97,3.6,79.7,0.0,37.0,10214.0,235.0,0
ideal,36.56,110.97,4.1,79.7,0.0,36.5,9568.6,168.2,0
ideal,36.56,110.97,3.8,79.7,0.0,36.5,9581.1,209.8,0
ideal,36.56,110.97,4.1,79.7,0.0,36.5,9190.3,403.9,0
ideal,32.34,3516.13,4.1,79.7,0.0,36.5,9668.8,252.5,0
ideal,32.34,3516.13,5.5,79.7,0.0,36.5,9138.5,242.7,0
ideal,32.34,3516.13,4.5,79.7,0.0,37.0,9402.4,188.2,0
ideal,32.34,3516.13,4.1,79.7,0.0,37.0,8936.1,134.6,0
ideal,32.34,3516.13,3.9,79.7,0.0,37.5,9446.3,197.0,0
ideal,66.52,130.35,3.8,79.7,0.0,36.5,9680.9,221.8,0
ideal,66.52,130.35,5.8,79.7,0.0,37.0,9741.4,227.7,0
ideal,66.52,130.35,4.6,79.7,0.0,37.0,9815.9,217.5,0
ideal,66.52,130.35,4.5,79.7,0.0,37.0,9117.3,187.6,0
ideal,66.52,130.35,4.6,79.7,0.0,37.0,9253.0,243.4,0
ideal,50.6,126.55,3.8,78.7,0.0,35.5,521.6,34.4,0
ideal,50.6,126.55,8.1,87.7,0.0,36.0,662.1,33.0,0
ideal,50.6,126.55,4.5,87.9,0.0,36.0,882.5,34.9,0
ideal,0.6,3820.82,4.6,69.7,0.0,42.5,304.0,32.6,0
ideal,0.6,3820.82,11.2,78.7,0.0,42.5,308.0,36.5,0
ideal,0.6,3820.82,4.4,78.9,0.0,43.0,272.8,36.3,0
ideal,0.6,3820.82,5.8,78.9,0.0,42.0,285.2,34.4,0
ideal,0.6,3820.82,4.6,78.9,0.0,41.5,286.7,34.6,0
ideal,0.59,3397.57,4.5,78.9,0.0,41.0,287.8,35.6,0
ideal,0.59,3397.57,4.9,79.0,0.0,41.0,290.0,33.2,0
ideal,0.52,8853.41,64.4,74.1,0.0,47.0,307.1,35.7,0
ideal,0.52,8853.41,63.7,83.1,0.0,47.0,282.6,35.6,0
ideal,0.52,8853.41,64.6,83.3,0.0,47.5,304.7,34.2,0
ideal,0.52,8853.41,60.8,83.3,0.0,47.0,307.4,36.2,0
ideal,0.52,8853.41,64.8,83.3,0.0,47.0,271.9,33.2,0
ideal,0.53,7361.66,63.7,83.3,0.0,46.5,315.6,36.1,0
ideal,0.53,7361.66,61.3,83.3,0.0,47.0,279.9,34.5,0
ideal,0.53,7361.66,65.4,83.3,0.0,47.0,307.9,34.0,0
ideal,0.53,7361.66,63.0,83.3,0.0,47.0,286.3,33.5,0
ideal,0.53,7361.66,61.7,83.3,0.0,46.5,284.8,32.8,0
ideal,0.53,8976.57,65.2,83.3,0.0,46.5,273.9,36.0,0
ideal,0.53,8976.57,61.9,83.3,0.0,46.5,269.6,32.8,0
ideal,0.53,8976.57,63.2,83.4,0.0,46.5,292.3,33.7,0
ideal,0.53,8976.57,65.2,83.4,0.0,46.5,291.9,33.5,0
ideal,0.53,8976.57,23.8,83.4,0.0,45.0,286.7,34.2,0
ideal,0.56,3982.72,5.6,83.4,0.0,44.5,282.9,34.0,0
ideal,0.56,3982.72,6.4,83.4,0.0,44.5,288.3,33.0,0
ideal,0.56,3982.72,5.8,83.4,0.0,43.5,276.5,33.3,0
ideal,0.56,3982.72,6.2,83.4,0.0,43.5,283.2,36.2,0
ideal,0.56,3982.72,5.5,83.4,0.0,43.5,277.7,32.8,0
ideal,0.57,4026.21,7.2,83.4,0.0,43.0,288.7,33.5,0
ideal,0.57,4026.21,5.2,83.4,0.0,42.5,311.1,33.7,0
ideal,0.57,4026.21,5.1,83.4,0.0,42.5,304.5,35.2,0
ideal,0.57,4026.21,5.5,83.5,0.0,42.0,269.3,36.4,0
ideal,0.57,4026.21,5.3,83.6,0.0,41.5,296.4,36.5,0
ideal,11.53,3945.26,5.0,83.6,0.0,41.5,304.5,36.2,0
ideal,11.53,3945.26,5.0,83.6,0.0,41.5,306.4,32.6,0
ideal,11.53,3945.26,4.9,83.6,0.0,41.0,303.2,34.3,0
ideal,11.53,3945.26,5.0,83.6,0.0,41.0,293.7,33.3,0
ideal,11.53,3945.26,4.9,83.7,0.0,40.5,309.4,35.8,0
ideal,0.56,4049.04,4.7,83.7,0.0,40.5,314.4,32.7,0
ideal,0.56,4049.04,5.1,83.7,0.0,40.0,305.2,32.9,0
ideal,0.56,4049.04,5.0,83.7,0.0,40.0,296.8,33.9,0
ideal,0.56,4049.04,4.9,83.7,0.0,40.0,285.1,32.7,0
ideal,0.56,4049.04,6.1,83.6,0.0,40.5,296.2,34.5,0
ideal,0.56,4022.83,4.8,83.6,0.0,39.5,282.5,32.8,0
ideal,0.56,4022.83,4.7,83.6,0.0,40.5,277.3,34.2,0
ideal,0.56,4022.83,5.4,83.6,0.0,39.5,269.9,33.7,0
ideal,0.56,4022.83,4.9,83.7,0.0,39.5,289.9,33.9,0
ideal,0.56,4022.83,5.0,83.7,0.0,39.0,295.7,33.7,0
ideal,0.58,4316.79,4.6,83.7,0.0,39.0,285.9,35.8,0
ideal,0.58,4316.79,5.3,83.7,0.0,39.5,313.0,35.6,0
ideal,0.58,4316.79,5.2,83.5,0.0,39.5,293.0,34.3,0
ideal,0.58,4316.79,5.3,83.5,0.0,39.0,298.8,34.9,0
ideal,0.58,4316.79,5.1,83.5,0.0,39.5,291.9,33.5,0
ideal,0.57,4018.98,4.7,83.5,0.0,38.5,289.1,34.4,0
ideal,0.57,4018.98,6.0,83.5,0.0,38.5,313.9,34.8,0
ideal,0.57,4018.98,5.4,83.5,0.0,38.0,292.7,35.5,0
ideal,0.57,4018.98,5.0,83.5,0.0,38.0,309.2,32.5,0
ideal,0.57,4018.98,4.8,83.6,0.0,38.0,307.0,36.1,0
ideal,0.57,3929.09,4.7,83.6,0.0,37.5,314.4,35.1,0
ideal,0.57,3929.09,5.3,83.6,0.0,37.0,302.0,35.6,0
ideal,0.57,3929.09,5.7,83.6,0.0,37.0,314.9,32.7,0
ideal,0.57,3929.09,6.6,83.6,0.0,37.0,283.7,32.6,0
ideal,0.57,3929.09,5.2,83.6,0.0,38.0,276.0,34.1,0
ideal,0.56,4035.9,5.1,83.6,0.0,37.0,314.1,35.8,0
ideal,0.56,4035.9,5.9,83.6,0.0,37.5,276.4,36.3,0
ideal,0.56,4035.9,5.6,83.6,0.0,37.0,291.3,34.3,0
ideal,0.56,4035.9,5.1,83.6,0.0,37.0,287.3,34.7,0
ideal,0.56,4035.9,6.7,83.6,0.0,36.5,293.7,34.7,0
ideal,0.59,5286.66,6.9,83.6,0.0,36.5,281.2,33.9,0
ideal,0.59,5286.66,6.4,83.6,0.0,36.0,310.0,36.2,0
ideal,0.59,5286.66,6.8,83.6,0.0,36.0,292.9,34.5,0
ideal,0.59,5286.66,5.5,83.6,0.0,36.0,305.6,34.7,0
ideal,0.59,5286.66,5.8,83.6,0.0,36.0,264.6,33.2,0
ideal,0.56,4322.91,5.4,83.6,0.0,36.0,271.1,34.4,0
ideal,0.56,4322.91,7.8,83.6,0.0,36.0,291.1,33.0,0
ideal,0.56,4322.91,5.7,83.6,0.0,36.0,281.0,32.7,0
ideal,0.56,4322.91,4.8,83.6,0.0,35.5,313.7,35.3,0
ideal,0.56,4322.91,5.1,83.6,0.0,36.0,266.5,35.2,0
ideal,0.57,3806.95,4.7,83.6,0.0,35.5,277.6,34.4,0
ideal,0.57,3806.95,5.4,83.6,0.0,35.5,311.5,33.4,0
ideal,0.57,3806.95,6.1,83.6,0.0,35.5,314.1,35.2,0
ideal,0.57,3806.95,6.2,83.6,0.0,36.0,274.5,33.9,0
ideal,0.57,3806.95,5.1,83.6,0.0,36.0,273.7,36.2,0
ideal,0.57,4209.04,4.6,83.6,0.0,35.5,296.2,35.5,0
ideal,0.57,4209.04,5.0,83.6,0.0,36.0,296.9,34.2,0
ideal,0.57,4209.04,5.7,83.6,0.0,36.0,293.8,34.3,0
ideal,0.57,4209.04,5.2,83.6,0.0,36.5,306.4,34.1,0
ideal,0.57,4209.04,4.9,83.6,0.0,36.0,315.0,32.9,0
ideal,35.82,200.41,4.5,83.6,0.0,36.0,282.0,35.7,0
ideal,35.82,200.41,5.5,83.6,0.0,37.0,309.3,33.6,0
ideal,35.82,200.41,4.9,83.6,0.0,36.0,350.6,34.7,0
ideal,35.82,200.41,4.7,83.6,0.0,36.5,296.4,36.5,0
ideal,35.82,200.41,4.7,83.6,0.0,36.5,379.8,32.9,0
ideal,37.51,229.23,4.3,83.6,0.0,36.5,308.6,34.5,0
ideal,37.51,229.23,5.9,83.6,0.0,36.5,285.7,34.9,0
ideal,37.51,229.23,5.8,83.6,0.0,37.0,291.1,33.7,0
ideal,37.51,229.23,5.1,83.6,0.0,37.0,300.4,35.5,0
ideal,37.51,229.23,5.2,83.6,0.0,37.0,265.1,34.9,0
ideal,0.59,3509.88,5.5,83.6,0.0,36.5,298.2,33.7,0
ideal,0.59,3509.88,6.1,83.6,0.0,36.5,265.9,35.0,0
ideal,0.59,3509.88,6.5,83.6,0.0,36.5,299.0,32.5,0
ideal,0.59,3509.88,5.7,83.6,0.0,37.0,274.7,34.7,0
ideal,0.59,3509.88,5.5,83.6,0.0,37.0,286.7,34.3,0
ideal,0.58,3686.49,4.9,83.6,0.0,37.0,311.9,34.2,0
ideal,0.58,3686.49,5.3,83.6,0.0,37.5,300.6,34.9,0
ideal,0.58,3686.49,5.7,83.6,0.0,37.0,297.8,36.3,0
ideal,0.58,3686.49,5.0,83.6,0.0,37.0,300.6,34.7,0
ideal,0.58,3686.49,5.1,83.6,0.0,37.5,295.4,34.7,0
ideal,0.58,4031.05,4.7,83.6,0.0,37.0,305.6,34.1,0
ideal,0.58,4031.05,5.1,83.7,0.0,37.5,285.8,34.5,0
ideal,0.58,4031.05,4.8,83.7,0.0,38.0,281.8,35.0,0
ideal,0.58,4031.05,4.9,83.7,0.0,38.0,283.3,35.4,0
ideal,0.58,4031.05,5.2,83.7,0.0,37.5,292.0,33.7,0
ideal,0.58,3800.05,4.7,83.7,0.0,37.5,315.0,36.0,0
ideal,0.58,3800.05,5.1,83.7,0.0,37.5,294.9,36.3,0
ideal,0.58,3800.05,5.1,83.7,0.0,38.0,311.1,36.2,0
ideal,0.58,3800.05,4.9,83.7,0.0,38.0,315.2,35.4,0
ideal,0.58,3800.05,5.1,83.7,0.0,38.0,279.1,35.2,0
ideal,0.61,4080.06,4.8,83.7,0.0,37.5,299.3,35.9,0
ideal,0.61,4080.06,4.9,83.7,0.0,38.0,296.2,36.5,0
ideal,0.61,4080.06,5.4,83.8,0.0,37.5,299.6,36.4,0
ideal,0.61,4080.06,5.7,83.7,0.0,38.0,271.9,34.1,0
ideal,0.61,4080.06,10.1,84.0,0.0,38.0,266.7,36.0,0
ideal,0.57,3421.48,6.6,84.0,0.0,37.5,298.7,35.8,0
ideal,0.57,3421.48,6.4,84.0,0.0,38.0,303.9,34.8,0
ideal,0.57,3421.48,5.9,84.0,0.0,38.5,283.7,36.3,0
ideal,0.57,3421.48,6.2,84.0,0.0,38.0,287.2,32.9,0
ideal,0.57,3421.48,5.4,84.0,0.0,38.5,295.5,35.8,0
ideal,0.57,3734.91,4.8,84.0,0.0,38.0,267.8,36.1,0
ideal,0.57,3734.91,5.0,84.0,0.0,38.0,291.4,34.4,0
ideal,0.57,3734.91,7.5,84.0,0.0,38.0,301.6,32.7,0
ideal,0.57,3734.91,5.4,84.0,0.0,38.0,269.3,32.9,0
ideal,0.57,3734.91,5.0,84.0,0.0,39.0,301.1,34.5,0
ideal,0.5,4087.52,4.7,84.0,0.0,38.0,312.4,32.8,0
ideal,0.5,4087.52,5.8,84.0,0.0,38.0,311.4,35.8,0
ideal,0.5,4087.52,5.7,84.0,0.0,38.5,283.4,35.4,0
ideal,0.5,4087.52,5.7,84.0,0.0,38.5,264.7,33.0,0
ideal,0.5,4087.52,6.4,84.0,0.0,38.5,303.9,33.1,0
ideal,0.59,3523.51,4.5,84.0,0.0,38.0,277.5,35.0,0
ideal,0.59,3523.51,5.1,84.0,0.0,37.5,289.2,33.2,0
ideal,0.59,3523.51,4.8,84.0,0.0,38.0,274.1,34.8,0
ideal,0.59,3523.51,5.2,84.0,0.0,38.5,267.4,36.0,0
ideal,0.59,3523.51,4.9,84.0,0.0,38.0,298.1,36.4,0
ideal,0.56,3642.87,6.0,84.1,0.0,38.0,303.9,34.9,0
ideal,0.56,3642.87,5.6,84.1,0.0,38.0,276.1,33.7,0
ideal,0.56,3642.87,5.2,84.1,0.0,38.5,283.6,35.4,0
ideal,0.56,3642.87,5.6,84.0,0.0,39.0,274.5,34.2,0
ideal,0.56,3642.87,5.8,83.9,0.0,38.0,299.2,33.1,0
ideal,0.55,3949.9,5.4,83.9,0.0,38.0,285.1,36.0,0
ideal,0.55,3949.9,5.8,83.9,0.0,38.0,270.0,33.9,0
ideal,0.55,3949.9,7.1,83.9,0.0,38.0,303.8,35.3,0
ideal,0.55,3949.9,5.9,83.9,0.0,38.0,301.4,35.7,0
ideal,0.55,3949.9,5.7,83.9,0.0,38.0,303.6,33.9,0
ideal,0.56,3557.13,5.4,83.9,0.0,38.0,311.3,35.2,0
ideal,0.56,3557.13,5.4,83.9,0.0,38.5,264.7,32.8,0
ideal,0.56,3557.13,5.2,83.9,0.0,38.0,266.0,32.6,0
ideal,0.56,3557.13,5.1,83.9,0.0,38.5,314.7,33.8,0
ideal,0.56,3557.13,4.8,83.9,0.0,38.5,294.6,34.1,0
ideal,1.08,5881.58,60.7,77.0,0.0,42.5,292.6,33.2,0
ideal,1.08,5881.58,65.1,86.3,0.0,43.0,272.0,35.3,0
ideal,1.08,5881.58,60.7,86.5,0.0,43.0,280.2,36.4,0
ideal,1.08,5881.58,12.9,85.7,0.0,42.0,289.3,35.8,0
ideal,1.08,5881.58,6.4,85.7,0.0,41.5,304.3,35.6,0
ideal,0.87,2950.36,5.9,85.7,0.0,40.5,303.9,35.4,0
ideal,0.87,2950.36,5.8,85.7,0.0,41.0,310.2,35.4,0
ideal,0.87,2950.36,5.9,85.7,0.0,41.0,305.3,34.6,0
ideal,0.87,2950.36,6.2,85.7,0.0,41.0,283.1,36.1,0
ideal,0.87,2950.36,6.6,85.7,0.0,40.5,267.4,35.2,0
ideal,0.91,4180.2,6.4,85.8,0.0,40.5,296.7,35.0,0
ideal,0.91,4180.2,7.7,85.8,0.0,40.5,282.4,32.9,0
ideal,0.91,4180.2,10.5,86.0,0.0,41.0,321.3,32.8,0
ideal,0.91,4180.2,6.5,86.0,0.0,40.0,301.3,35.4,0
ideal,0.91,4180.2,7.0,86.0,0.0,40.5,281.8,36.0,0
ideal,0.87,3699.09,6.1,86.0,0.0,39.5,309.1,33.5,0
ideal,0.87,3699.09,7.0,86.0,0.0,40.0,296.7,32.6,0
ideal,0.87,3699.09,6.6,86.0,0.0,39.0,314.3,33.5,0
ideal,0.87,3699.09,6.8,86.0,0.0,39.0,267.4,33.6,0
ideal,0.87,3699.09,7.3,85.8,0.0,39.0,292.6,34.7,0
ideal,0.64,4243.64,6.3,85.8,0.0,38.5,292.8,35.2,0
ideal,0.64,4243.64,7.1,85.9,0.0,39.0,276.3,35.6,0
ideal,0.64,4243.64,7.1,85.8,0.0,38.5,313.8,36.5,0
ideal,0.64,4243.64,6.8,85.8,0.0,38.5,287.7,35.3,0
ideal,0.64,4243.64,6.7,85.8,0.0,38.0,340.3,35.6,0
ideal,0.64,2868.64,6.6,85.8,0.0,38.0,294.8,36.1,0
ideal,0.64,2868.64,6.7,85.9,0.0,38.0,296.0,36.4,0
ideal,0.64,2868.64,7.1,85.9,0.0,37.5,305.0,34.0,0
ideal,0.64,2868.64,6.8,85.9,0.0,37.5,309.6,35.6,0
ideal,0.64,2868.64,6.8,85.9,0.0,37.0,295.6,33.6,0
ideal,0.64,4207.45,6.8,85.9,0.0,37.0,295.6,34.5,0
ideal,0.64,4207.45,7.0,85.9,0.0,37.0,310.2,34.0,0
ideal,0.64,4207.45,6.6,85.9,0.0,37.0,283.4,34.7,0
ideal,0.64,4207.45,13.5,86.9,0.0,37.5,409.3,34.5,0
ideal,0.64,4207.45,11.7,87.1,0.0,37.0,448.6,34.4,0
ideal,25.93,147.49,12.8,87.1,0.0,36.5,407.9,35.6,0
ideal,25.93,147.49,13.5,87.3,0.0,37.0,411.6,36.3,0
ideal,25.93,147.49,12.4,87.2,0.0,36.0,446.6,33.0,0
ideal,25.93,147.49,10.5,86.1,0.0,36.5,277.6,32.8,0
ideal,25.93,147.49,8.3,86.1,0.0,36.0,298.2,34.1,0
ideal,0.58,3753.29,9.5,86.2,0.0,35.5,279.4,35.9,0
ideal,0.58,3753.29,8.7,86.2,0.0,36.0,266.6,33.9,0
ideal,0.58,3753.29,8.6,86.3,0.0,36.0,281.8,35.6,0
ideal,0.58,3753.29,8.5,86.3,0.0,36.5,290.1,33.2,0
ideal,0.58,3753.29,8.7,86.2,0.0,36.5,311.8,33.7,0
ideal,0.65,3424.97,7.8,86.2,0.0,36.0,289.7,32.8,0
ideal,0.65,3424.97,9.7,86.2,0.0,36.5,309.3,33.8,0
ideal,0.65,3424.97,8.6,86.2,0.0,36.5,273.2,36.4,0
ideal,0.65,3424.97,9.2,86.2,0.0,36.5,294.7,35.2,0
ideal,0.65,3424.97,9.0,86.2,0.0,36.5,270.7,32.8,0
ideal,0.78,4126.22,8.5,86.2,0.0,36.5,274.8,33.1,0
ideal,0.78,4126.22,9.0,86.2,0.0,36.5,266.6,34.6,0
ideal,0.78,4126.22,8.5,86.3,0.0,37.0,274.5,33.8,0
ideal,0.78,4126.22,10.0,86.2,0.0,37.0,286.7,34.2,0
ideal,0.78,4126.22,24.0,86.7,16.3,38.0,294.8,33.5,0
ideal,0.55,6948.53,29.5,86.7,17.4,37.5,287.8,34.2,0
ideal,0.55,6948.53,22.1,86.9,9.8,37.5,293.7,34.6,0
ideal,0.55,6948.53,22.2,86.8,0.0,37.5,290.0,35.9,0
ideal,0.55,6948.53,22.1,86.7,20.4,38.5,292.0,32.9,0
ideal,0.55,6948.53,22.1,86.7,16.2,38.5,305.9,32.6,0
ideal,0.61,5151.13,22.4,86.7,19.2,38.0,304.4,36.4,0
ideal,0.61,5151.13,22.6,86.8,17.3,38.0,298.3,34.0,0
ideal,0.61,5151.13,22.2,86.8,5.0,39.0,305.1,32.7,0
ideal,0.61,5151.13,22.7,86.7,17.1,39.0,309.6,34.8,0
ideal,0.61,5151.13,21.6,86.7,0.0,38.5,298.0,35.9,0
ideal,0.59,4818.96,22.7,86.7,3.7,39.0,296.3,35.9,0
ideal,0.59,4818.96,23.8,86.7,13.5,39.0,300.1,34.3,0
ideal,0.59,4818.96,23.0,86.7,16.4,39.5,291.8,32.6,0
ideal,0.59,4818.96,21.9,86.8,17.2,39.5,276.3,34.1,0
ideal,0.59,4818.96,22.2,86.7,15.5,39.0,306.3,36.2,0
ideal,0.58,6763.64,29.0,87.1,0.0,39.5,308.8,33.3,0
ideal,0.58,6763.64,29.5,87.1,17.4,40.0,276.8,32.6,0
ideal,0.58,6763.64,26.1,87.1,16.9,40.0,307.2,32.9,0
ideal,0.58,6763.64,26.8,86.7,7.3,40.5,282.7,35.8,0
ideal,0.58,6763.64,21.6,86.7,20.8,40.0,306.0,34.3,0
ideal,0.59,7055.18,21.1,86.7,26.0,40.0,309.8,35.6,0
ideal,0.59,7055.18,21.2,86.6,0.0,40.0,283.8,32.8,0
ideal,0.59,7055.18,21.5,86.6,20.2,40.5,272.6,35.4,0
ideal,0.59,7055.18,21.9,86.6,16.1,40.5,299.1,34.3,0
ideal,0.59,7055.18,22.0,86.6,17.1,40.5,291.1,34.6,0
ideal,0.56,3587.94,21.9,86.6,15.5,40.5,267.7,32.9,0
ideal,0.56,3587.94,21.9,86.6,19.9,40.5,274.1,33.4,0
ideal,0.56,3587.94,22.6,86.7,0.0,41.5,286.7,33.3,0
ideal,0.56,3587.94,25.2,87.1,14.4,41.0,370.1,34.2,0
ideal,0.56,3587.94,25.3,87.7,18.9,41.0,381.0,33.2,0
ideal,31.04,243.29,23.5,87.8,18.0,41.0,397.9,35.6,0
ideal,31.04,243.29,23.0,87.8,20.3,41.0,392.0,32.8,0
ideal,31.04,243.29,29.8,88.9,19.4,41.5,382.8,36.4,0
ideal,31.04,243.29,54.1,88.8,17.7,41.5,372.3,33.5,0
ideal,31.04,243.29,41.4,89.8,0.0,41.5,430.1,35.8,0
ideal,33.69,219.38,20.8,89.3,16.9,41.0,380.2,35.7,0
ideal,33.69,219.38,20.8,89.3,16.2,41.0,315.4,36.2,0
ideal,33.69,219.38,20.6,88.2,20.8,41.5,298.1,34.5,0
ideal,33.69,219.38,24.1,88.3,5.9,41.5,290.6,32.8,0
ideal,33.69,219.38,20.8,87.4,15.3,41.5,313.2,34.4,0
ideal,0.56,5405.03,23.0,87.0,17.7,41.5,312.6,36.5,0
ideal,0.56,5405.03,24.9,87.3,20.0,41.5,300.2,34.7,0
ideal,0.56,5405.03,19.5,87.1,8.1,41.0,287.6,35.7,0
ideal,0.56,5405.03,20.2,87.1,0.0,41.5,311.0,33.3,0
ideal,0.56,5405.03,28.5,87.7,8.0,42.0,285.5,32.5,0
ideal,0.59,3591.01,41.1,87.9,17.3,42.5,301.0,32.5,0
ideal,0.59,3591.01,43.5,88.8,7.4,42.0,276.7,32.6,0
ideal,0.59,3591.01,49.3,89.4,12.2,42.5,265.5,36.1,0
ideal,0.59,3591.01,49.0,90.1,21.8,42.5,276.4,34.5,0
ideal,0.59,3591.01,48.4,89.9,10.3,43.0,268.7,35.0,0
ideal,0.6,4594.61,45.4,89.6,0.0,43.0,300.7,34.5,0
ideal,0.6,4594.61,31.5,89.9,13.8,43.0,297.5,34.7,0
ideal,0.6,4594.61,28.8,89.8,30.9,43.0,277.3,33.6,0
ideal,0.6,4594.61,29.5,89.7,18.4,43.5,280.2,35.7,0
ideal,0.6,4594.61,27.8,89.6,18.0,43.5,273.2,33.1,0
ideal,0.6,5867.19,28.6,89.7,25.0,43.0,267.1,35.9,0
ideal,0.6,5867.19,27.7,90.0,0.0,43.0,313.6,33.0,0
ideal,0.6,5867.19,29.9,90.3,19.6,43.5,284.1,35.6,0
ideal,0.6,5867.19,29.3,90.6,17.9,43.5,293.9,35.3,0
ideal,0.6,5867.19,29.9,90.3,24.4,43.5,281.6,34.2,0
ideal,0.55,3879.13,29.6,90.4,12.5,43.5,283.0,33.6,0
ideal,0.55,3879.13,29.5,90.4,27.7,43.5,286.8,35.4,0
ideal,0.55,3879.13,27.5,90.3,3.1,44.0,306.7,35.4,0
ideal,0.55,3879.13,27.3,90.3,8.1,44.0,307.6,34.0,0
ideal,0.55,3879.13,28.3,90.3,10.3,44.0,305.2,33.8,0
ideal,0.61,2862.27,27.5,90.4,15.7,44.0,292.9,35.0,0
ideal,0.61,2862.27,29.1,90.6,20.8,44.0,302.3,33.9,0
ideal,0.61,2862.27,26.5,90.5,18.0,44.0,308.3,36.4,0
ideal,0.61,2862.27,27.1,90.5,18.5,44.5,290.4,34.4,0
ideal,0.61,2862.27,26.9,90.7,19.0,44.0,279.3,34.8,0
ideal,0.54,6861.85,27.8,91.1,13.6,44.0,289.4,35.7,0
ideal,0.54,6861.85,33.2,90.9,18.6,45.0,280.4,32.6,0
ideal,0.54,6861.85,26.9,90.9,2.8,44.5,305.7,33.6,0
ideal,0.54,6861.85,28.4,91.0,21.7,44.5,283.6,32.8,0
ideal,0.54,6861.85,25.9,90.9,12.6,45.0,287.8,33.2,0
ideal,0.64,7525.1,27.1,90.9,18.6,44.5,299.6,34.2,0
ideal,0.64,7525.1,27.6,91.0,16.5,45.0,313.2,34.3,0
ideal,0.64,7525.1,26.9,91.0,16.5,44.5,289.7,35.1,0
ideal,0.64,7525.1,30.7,91.0,18.2,45.0,273.6,33.1,0
ideal,0.64,7525.1,29.4,91.1,0.0,45.0,293.3,35.8,0
ideal,0.61,7267.58,28.1,91.2,17.1,44.5,279.0,34.8,0
ideal,0.61,7267.58,27.9,91.4,20.4,45.0,302.5,36.4,0
ideal,0.61,7267.58,30.6,91.3,12.4,45.0,269.8,35.5,0
ideal,0.61,7267.58,27.1,91.3,17.7,45.5,306.6,35.2,0
ideal,0.61,7267.58,27.2,91.3,16.6,45.0,292.4,35.7,0
ideal,0.54,6762.28,31.0,91.4,13.5,45.5,305.3,35.1,0
ideal,0.54,6762.28,30.1,91.7,18.0,45.5,295.1,34.2,0
ideal,0.54,6762.28,29.7,91.5,23.9,45.5,294.2,34.8,0
ideal,0.54,6762.28,30.7,91.5,19.1,45.5,279.0,33.2,0
ideal,0.54,6762.28,28.8,91.5,10.2,45.5,273.0,36.1,0
ideal,0.59,6535.73,29.0,91.6,15.6,45.0,310.6,34.8,0
ideal,0.59,6535.73,30.2,91.7,17.7,45.5,266.3,33.5,0
ideal,0.59,6535.73,31.0,91.6,17.3,45.5,308.3,33.7,0
ideal,0.59,6535.73,28.7,91.6,16.7,46.0,289.9,33.0,0
ideal,0.59,6535.73,27.2,91.6,13.0,46.0,296.3,33.3,0
