timestamp,sample_id,scenario,mode,current_fps,average_fps,estimated_frames_total,rtt_ms,error_rate_pct,cpu_load,ram_usage,gpu_load,gpu_temp,frame_latency_ms,deepstream_alive
2026-05-21 10:47:55,1,ideal,LOCAL,0.0,0.0,0,0.54,0.0,33.33,80.51,16.0,43.5,-1.0,1
2026-05-21 10:47:57,2,ideal,LOCAL,0.0,0.0,0,0.47,0.0,19.67,83.22,98.3,49.0,-1.0,1
2026-05-21 10:47:59,3,ideal,LOCAL,0.0,0.0,0,0.59,0.0,23.73,83.25,98.9,51.5,-1.0,1
2026-05-21 10:48:01,4,ideal,LOCAL,26.77,26.75,133,0.54,0.0,20.34,83.31,98.3,51.5,37.36,1
2026-05-21 10:48:03,5,ideal,LOCAL,26.77,26.75,133,0.56,0.0,18.64,83.36,98.1,52.0,37.36,1
2026-05-21 10:48:05,6,ideal,LOCAL,26.77,26.75,133,0.53,0.0,17.24,83.32,98.3,52.0,37.36,1
2026-05-21 10:48:07,7,ideal,LOCAL,26.97,26.78,267,0.55,0.0,23.33,83.34,98.4,52.5,37.08,1
2026-05-21 10:48:09,8,ideal,LOCAL,26.97,26.78,267,0.54,0.0,20.97,83.33,98.3,53.0,37.08,1
2026-05-21 10:48:11,9,ideal,LOCAL,26.93,26.86,401,0.54,0.0,27.87,83.33,98.2,53.5,37.13,1
2026-05-21 10:48:13,10,ideal,LOCAL,26.93,26.86,401,0.54,0.0,19.67,83.34,98.6,53.5,37.13,1
2026-05-21 10:51:01,1,ideal,LOCAL,25.1,17.32,0,105.61,0.0,17.54,83.0,98.4,49.5,39.84,1
2026-05-21 10:51:03,2,ideal,LOCAL,25.1,17.32,0,75.23,0.0,21.05,82.84,98.1,51.5,39.84,1
2026-05-21 10:51:05,3,ideal,LOCAL,25.1,17.32,0,79.58,0.0,20.0,80.79,0.0,47.5,39.84,1
2026-05-21 11:03:16,1,ideal,LOCAL,0.0,0.0,0,0.56,0.0,25.42,83.79,98.3,46.0,-1.0,1
2026-05-21 11:03:18,2,ideal,LOCAL,0.0,0.0,0,0.52,0.0,23.33,83.82,98.1,48.0,-1.0,1
2026-05-21 11:03:20,3,ideal,LOCAL,0.0,0.0,0,0.56,0.0,21.05,83.83,98.7,48.5,-1.0,1
2026-05-21 11:03:22,4,ideal,LOCAL,26.51,26.46,132,0.57,0.0,25.81,83.83,98.8,49.0,37.72,1
2026-05-21 11:03:24,5,ideal,LOCAL,26.51,26.46,132,0.55,0.0,20.34,83.95,98.2,49.5,37.72,1
2026-05-21 11:03:26,6,ideal,LOCAL,26.77,26.53,265,0.52,0.0,21.31,83.65,98.6,50.0,37.36,1
2026-05-21 11:03:28,7,ideal,LOCAL,26.77,26.53,265,0.54,0.0,26.98,83.76,98.5,50.0,37.36,1
2026-05-21 11:03:30,8,ideal,LOCAL,26.77,26.53,265,25.23,0.0,23.33,83.67,98.4,50.5,37.36,1
2026-05-21 11:03:32,9,ideal,LOCAL,26.62,26.62,398,38.96,0.0,42.62,83.69,98.6,50.5,37.57,1
2026-05-21 11:03:34,10,ideal,LOCAL,26.62,26.62,398,38.39,0.0,25.42,83.78,98.8,50.5,37.57,1
2026-05-21 11:03:36,11,ideal,LOCAL,26.77,26.67,531,0.56,0.0,22.95,83.78,98.4,51.0,37.36,1
2026-05-21 11:03:38,12,ideal,LOCAL,26.77,26.67,531,0.56,0.0,25.81,83.79,98.2,51.5,37.36,1
2026-05-21 11:03:40,13,ideal,LOCAL,26.77,26.67,531,0.58,0.0,24.59,83.71,98.8,51.5,37.36,1
2026-05-21 11:03:42,14,ideal,LOCAL,26.63,26.65,664,0.57,0.0,22.41,83.84,98.7,52.0,37.55,1
2026-05-21 11:03:44,15,ideal,LOCAL,26.63,26.65,664,0.54,0.0,24.19,83.75,98.3,52.0,37.55,1
2026-05-21 11:03:46,16,ideal,LOCAL,26.79,26.64,797,0.54,0.0,23.73,83.86,98.6,51.5,37.33,1
2026-05-21 11:03:48,17,ideal,LOCAL,26.79,26.64,797,0.59,0.0,29.03,83.77,98.4,52.0,37.33,1
2026-05-21 11:03:50,18,ideal,LOCAL,26.79,26.64,797,0.54,0.0,22.03,83.87,98.4,52.5,37.33,1
2026-05-21 11:03:52,19,ideal,LOCAL,26.76,26.69,930,0.54,0.0,24.59,83.81,98.9,52.5,37.37,1
2026-05-21 11:03:54,20,ideal,LOCAL,26.76,26.69,930,0.56,0.0,21.67,83.92,98.6,53.0,37.37,1
2026-05-21 11:03:56,21,ideal,LOCAL,26.58,26.66,1062,0.55,0.0,17.54,83.83,98.7,52.5,37.62,1
2026-05-21 11:03:58,22,ideal,LOCAL,26.58,26.66,1062,0.51,0.0,33.33,83.95,98.3,53.0,37.62,1
2026-05-21 11:04:00,23,ideal,LOCAL,26.58,26.66,1062,0.61,0.0,32.79,84.15,98.0,53.0,37.62,1
2026-05-21 11:04:02,24,ideal,LOCAL,26.43,26.65,1194,0.52,0.0,26.67,84.52,98.4,53.5,37.84,1
2026-05-21 11:04:04,25,ideal,LOCAL,26.43,26.65,1194,0.59,0.0,66.13,84.61,98.6,53.5,37.84,1
2026-05-21 11:04:06,26,ideal,LOCAL,26.36,26.6,1325,0.48,0.0,33.33,84.43,98.5,53.5,37.94,1
2026-05-21 11:04:08,27,ideal,LOCAL,26.36,26.6,1325,0.56,0.0,28.57,84.14,98.3,53.5,37.94,1
2026-05-21 11:04:10,28,ideal,LOCAL,26.36,26.6,1325,0.55,0.0,29.51,84.21,98.6,54.0,37.94,1
2026-05-21 11:04:12,29,ideal,LOCAL,25.07,26.48,1450,0.52,0.0,28.81,84.33,98.7,54.0,39.89,1
2026-05-21 11:04:14,30,ideal,LOCAL,25.07,26.48,1450,0.53,0.0,36.67,84.11,98.5,54.0,39.89,1
2026-05-21 11:04:16,31,ideal,LOCAL,26.18,26.45,1580,0.55,0.0,29.82,84.29,98.1,54.5,38.2,1
2026-05-21 11:04:18,32,ideal,LOCAL,26.18,26.45,1580,0.54,0.0,28.33,84.19,99.0,54.0,38.2,1
2026-05-21 11:04:20,33,ideal,LOCAL,26.18,26.45,1580,0.54,0.0,23.73,84.29,98.6,54.5,38.2,1
2026-05-21 11:04:22,34,ideal,LOCAL,25.87,26.4,1709,0.55,0.0,21.31,84.31,98.4,54.0,38.65,1
2026-05-21 11:04:24,35,ideal,LOCAL,25.87,26.4,1709,0.6,0.0,23.33,84.19,98.3,54.5,38.65,1
2026-05-21 11:04:26,36,ideal,LOCAL,26.38,26.4,1840,25.61,0.0,24.59,84.23,98.6,54.5,37.91,1
2026-05-21 11:04:28,37,ideal,LOCAL,26.38,26.4,1840,12.74,0.0,21.67,84.27,98.6,54.5,37.91,1
2026-05-21 11:04:30,38,ideal,LOCAL,26.38,26.4,1840,0.56,0.0,20.69,84.34,98.7,55.0,37.91,1
2026-05-21 11:04:32,39,ideal,LOCAL,26.47,26.4,1972,0.55,0.0,20.0,84.27,98.7,54.5,37.78,1
2026-05-21 11:04:34,40,ideal,LOCAL,26.47,26.4,1972,6.56,0.0,21.31,84.28,98.6,55.0,37.78,1
2026-05-21 11:04:36,41,ideal,LOCAL,26.28,26.4,2103,20.62,0.0,21.67,84.39,98.7,55.0,38.05,1
2026-05-21 11:04:38,42,ideal,LOCAL,26.28,26.4,2103,0.52,0.0,20.69,84.4,98.6,55.5,38.05,1
2026-05-21 11:04:40,43,ideal,LOCAL,26.28,26.4,2103,0.57,0.0,37.29,84.31,98.1,55.5,38.05,1
2026-05-21 11:04:42,44,ideal,LOCAL,26.15,26.38,2233,0.48,0.0,17.54,84.33,98.2,55.5,38.24,1
2026-05-21 11:04:44,45,ideal,LOCAL,26.15,26.38,2233,0.54,0.0,22.03,84.41,98.3,55.0,38.24,1
2026-05-21 11:04:46,46,ideal,LOCAL,26.55,26.39,2365,0.63,0.0,27.87,84.32,98.5,55.0,37.66,1
2026-05-21 11:04:48,47,ideal,LOCAL,26.55,26.39,2365,0.52,0.0,36.84,84.44,98.5,55.5,37.66,1
2026-05-21 11:04:50,48,ideal,LOCAL,26.55,26.39,2365,22.97,0.0,25.42,84.35,98.7,56.0,37.66,1
2026-05-21 11:04:52,49,ideal,LOCAL,26.24,26.38,2496,0.62,0.0,38.98,84.39,98.4,56.0,38.11,1
2026-05-21 11:04:54,50,ideal,LOCAL,26.24,26.38,2496,0.6,0.0,20.34,84.48,98.9,55.5,38.11,1
2026-05-21 11:07:32,1,cpu_stress,LOCAL,26.21,26.16,131,0.59,0.0,66.67,84.11,98.3,52.5,38.15,1
2026-05-21 11:07:33,2,cpu_stress,LOCAL,26.21,26.16,131,0.54,0.0,65.0,84.12,98.2,52.5,38.15,1
2026-05-21 11:07:35,3,cpu_stress,LOCAL,26.62,26.4,264,0.57,0.0,66.67,84.12,98.7,53.0,37.57,1
2026-05-21 11:07:36,4,cpu_stress,LOCAL,26.62,26.4,264,0.56,0.0,55.93,84.13,98.2,53.0,37.57,1
2026-05-21 11:07:37,5,cpu_stress,LOCAL,26.62,26.4,264,0.47,0.0,66.67,84.14,98.4,53.5,37.57,1
2026-05-21 11:07:38,6,cpu_stress,LOCAL,26.62,26.4,264,0.54,0.0,66.1,84.15,98.2,53.0,37.57,1
2026-05-21 11:07:39,7,cpu_stress,LOCAL,26.4,26.4,396,0.54,0.0,62.3,84.11,98.8,53.5,37.88,1
2026-05-21 11:07:40,8,cpu_stress,LOCAL,26.4,26.4,396,0.57,0.0,65.57,84.12,68.9,53.5,37.88,1
2026-05-21 11:07:41,9,cpu_stress,LOCAL,26.4,26.4,396,0.58,0.0,65.0,84.13,98.1,54.0,37.88,1
2026-05-21 11:07:42,10,cpu_stress,LOCAL,26.4,26.4,396,0.58,0.0,66.67,84.14,98.3,54.0,37.88,1
2026-05-21 11:07:44,11,cpu_stress,LOCAL,26.4,26.4,396,0.53,0.0,65.0,84.15,98.8,54.0,37.88,1
2026-05-21 11:07:45,12,cpu_stress,LOCAL,26.54,26.4,528,2.38,0.0,63.93,84.15,98.4,54.0,37.68,1
2026-05-21 11:07:46,13,cpu_stress,LOCAL,26.54,26.4,528,0.59,0.0,67.74,84.15,98.4,54.0,37.68,1
2026-05-21 11:07:47,14,cpu_stress,LOCAL,26.54,26.4,528,0.55,0.0,67.21,84.15,98.7,54.5,37.68,1
2026-05-21 11:07:48,15,cpu_stress,LOCAL,26.54,26.4,528,0.55,0.0,65.0,84.16,98.9,54.5,37.68,1
2026-05-21 11:07:49,16,cpu_stress,LOCAL,26.41,26.44,660,0.55,0.0,67.19,84.17,98.7,54.5,37.86,1
2026-05-21 11:07:50,17,cpu_stress,LOCAL,26.41,26.44,660,0.53,0.0,65.57,84.19,98.8,54.5,37.86,1
2026-05-21 11:07:52,18,cpu_stress,LOCAL,26.41,26.44,660,0.56,0.0,63.33,84.2,98.3,54.5,37.86,1
2026-05-21 11:07:53,19,cpu_stress,LOCAL,26.41,26.44,660,0.54,0.0,64.52,84.2,80.4,54.5,37.86,1
2026-05-21 11:07:54,20,cpu_stress,LOCAL,26.59,26.47,792,0.53,0.0,56.67,84.21,98.2,54.5,37.61,1
2026-05-21 11:07:55,21,cpu_stress,LOCAL,26.59,26.47,792,0.55,0.0,66.1,84.24,97.9,54.5,37.61,1
2026-05-21 11:07:56,22,cpu_stress,LOCAL,26.59,26.47,792,0.55,0.0,66.67,84.25,98.4,54.5,37.61,1
2026-05-21 11:07:57,23,cpu_stress,LOCAL,26.59,26.47,792,0.57,0.0,66.1,84.25,98.5,55.0,37.61,1
2026-05-21 11:07:58,24,cpu_stress,LOCAL,26.59,26.47,792,0.55,0.0,66.67,84.23,98.9,55.0,37.61,1
2026-05-21 11:07:59,25,cpu_stress,LOCAL,26.46,26.46,924,0.58,0.0,61.67,84.24,98.7,54.5,37.79,1
2026-05-21 11:08:01,26,cpu_stress,LOCAL,26.46,26.46,924,0.52,0.0,63.79,84.25,98.5,55.5,37.79,1
2026-05-21 11:08:02,27,cpu_stress,LOCAL,26.46,26.46,924,0.53,0.0,66.67,84.25,97.3,55.0,37.79,1
2026-05-21 11:08:03,28,cpu_stress,LOCAL,26.46,26.46,924,0.56,0.0,66.1,84.26,98.7,55.0,37.79,1
2026-05-21 11:08:04,29,cpu_stress,LOCAL,26.35,26.42,1055,0.54,0.0,66.1,84.28,97.7,55.0,37.95,1
2026-05-21 11:08:05,30,cpu_stress,LOCAL,26.35,26.42,1055,0.55,0.0,66.1,84.29,98.6,55.0,37.95,1
2026-05-21 11:08:06,31,cpu_stress,LOCAL,26.35,26.42,1055,0.56,0.0,66.1,83.95,97.9,55.0,37.95,1
2026-05-21 11:08:07,32,cpu_stress,LOCAL,26.35,26.42,1055,0.52,0.0,66.13,83.95,98.1,55.5,37.95,1
2026-05-21 11:08:09,33,cpu_stress,LOCAL,26.35,26.42,1055,0.54,0.0,42.86,83.96,98.5,55.5,37.95,1
2026-05-21 11:08:10,34,cpu_stress,LOCAL,26.4,26.44,1187,0.6,0.0,66.1,83.96,98.5,55.5,37.88,1
2026-05-21 11:08:11,35,cpu_stress,LOCAL,26.4,26.44,1187,0.53,0.0,67.21,83.96,93.3,55.0,37.88,1
2026-05-21 11:08:12,36,cpu_stress,LOCAL,26.4,26.44,1187,0.54,0.0,57.63,84.06,98.8,55.5,37.88,1
2026-05-21 11:08:13,37,cpu_stress,LOCAL,26.4,26.44,1187,0.53,0.0,66.67,84.05,98.4,56.0,37.88,1
2026-05-21 11:08:14,38,cpu_stress,LOCAL,26.57,26.46,1319,0.58,0.0,58.33,84.05,98.0,55.5,37.64,1
2026-05-21 11:08:15,39,cpu_stress,LOCAL,26.57,26.46,1319,0.56,0.0,65.0,84.07,98.0,56.0,37.64,1
2026-05-21 11:08:16,40,cpu_stress,LOCAL,26.57,26.46,1319,0.56,0.0,67.74,83.99,98.4,56.0,37.64,1
2026-05-21 11:08:18,41,cpu_stress,LOCAL,26.57,26.46,1319,0.62,0.0,65.0,83.99,84.7,56.0,37.64,1
2026-05-21 11:08:19,42,cpu_stress,LOCAL,26.53,26.45,1451,0.52,0.0,66.1,84.03,98.6,56.0,37.69,1
2026-05-21 11:08:20,43,cpu_stress,LOCAL,26.53,26.45,1451,0.58,0.0,66.1,84.02,98.5,56.0,37.69,1
2026-05-21 11:08:21,44,cpu_stress,LOCAL,26.53,26.45,1451,0.53,0.0,67.74,84.03,98.4,56.0,37.69,1
2026-05-21 11:08:22,45,cpu_stress,LOCAL,26.53,26.45,1451,0.54,0.0,66.67,84.03,98.3,56.5,37.69,1
2026-05-21 11:08:23,46,cpu_stress,LOCAL,26.53,26.45,1451,0.57,0.0,65.0,84.04,98.3,56.5,37.69,1
2026-05-21 11:08:24,47,cpu_stress,LOCAL,26.54,26.45,1583,0.55,0.0,66.1,84.05,98.4,56.5,37.68,1
2026-05-21 11:08:26,48,cpu_stress,LOCAL,26.54,26.45,1583,0.55,0.0,64.41,84.05,98.7,57.0,37.68,1
2026-05-21 11:08:27,49,cpu_stress,LOCAL,26.54,26.45,1583,0.56,0.0,65.57,84.08,92.9,56.5,37.68,1
2026-05-21 11:08:28,50,cpu_stress,LOCAL,26.54,26.45,1583,0.61,0.0,66.13,84.09,98.8,57.0,37.68,1
2026-05-21 11:10:30,1,memory_stress,LOCAL,25.85,25.36,252,0.56,0.0,67.21,95.46,98.2,52.5,38.68,1
2026-05-21 11:10:32,2,memory_stress,LOCAL,25.85,25.36,252,0.51,0.0,63.79,95.45,98.5,53.0,38.68,1
2026-05-21 11:10:34,3,memory_stress,LOCAL,25.85,25.36,252,0.56,0.0,61.9,95.46,98.6,53.0,38.68,1
2026-05-21 11:10:36,4,memory_stress,LOCAL,25.66,25.45,380,0.56,0.0,66.67,95.48,98.3,53.0,38.97,1
2026-05-21 11:10:38,5,memory_stress,LOCAL,25.66,25.45,380,0.63,0.0,62.71,95.47,98.9,53.5,38.97,1
2026-05-21 11:10:40,6,memory_stress,LOCAL,25.66,25.54,508,0.55,0.0,60.0,95.49,98.1,54.0,38.97,1
2026-05-21 11:10:42,7,memory_stress,LOCAL,25.66,25.54,508,0.6,0.0,66.67,95.52,98.5,53.5,38.97,1
2026-05-21 11:10:44,8,memory_stress,LOCAL,25.66,25.54,508,0.57,0.0,61.02,95.57,99.0,54.0,38.97,1
2026-05-21 11:10:46,9,memory_stress,LOCAL,25.44,25.51,635,0.56,0.0,59.02,95.54,98.3,54.0,39.31,1
2026-05-21 11:10:48,10,memory_stress,LOCAL,25.44,25.51,635,0.53,0.0,61.9,92.77,96.9,54.0,39.31,1
2026-05-21 11:10:50,11,memory_stress,LOCAL,25.92,25.56,764,0.58,0.0,60.66,94.46,98.6,53.5,38.58,1
2026-05-21 11:10:52,12,memory_stress,LOCAL,25.92,25.56,764,0.49,0.0,58.33,95.56,98.2,54.5,38.58,1
2026-05-21 11:10:54,13,memory_stress,LOCAL,25.92,25.56,764,0.58,0.0,67.74,95.58,72.6,54.0,38.58,1
2026-05-21 11:10:56,14,memory_stress,LOCAL,25.67,25.59,892,0.52,0.0,58.62,95.56,97.2,54.5,38.96,1
2026-05-21 11:10:58,15,memory_stress,LOCAL,25.67,25.59,892,0.55,0.0,60.66,95.57,97.9,54.5,38.96,1
2026-05-21 11:11:00,16,memory_stress,LOCAL,25.65,25.59,1020,0.57,0.0,58.62,95.57,98.7,54.5,38.99,1
2026-05-21 11:11:02,17,memory_stress,LOCAL,25.65,25.59,1020,0.57,0.0,59.32,95.59,98.5,54.5,38.99,1
2026-05-21 11:11:04,18,memory_stress,LOCAL,25.65,25.59,1020,0.56,0.0,59.02,95.6,98.3,55.0,38.99,1
2026-05-21 11:11:06,19,memory_stress,LOCAL,25.7,25.59,1148,0.61,0.0,59.32,95.61,98.7,55.0,38.91,1
2026-05-21 11:11:08,20,memory_stress,LOCAL,25.7,25.59,1148,0.58,0.0,60.66,95.63,98.9,55.0,38.91,1
2026-05-21 11:11:10,21,memory_stress,LOCAL,25.68,25.62,1276,0.59,0.0,58.62,95.63,98.6,55.5,38.94,1
2026-05-21 11:11:12,22,memory_stress,LOCAL,25.68,25.62,1276,5.19,0.0,67.74,95.74,98.5,55.5,38.94,1
2026-05-21 11:11:14,23,memory_stress,LOCAL,25.68,25.62,1276,0.61,0.0,58.33,95.43,98.7,55.5,38.94,1
2026-05-21 11:11:16,24,memory_stress,LOCAL,25.62,25.61,1404,0.56,0.0,57.63,95.35,98.7,55.5,39.03,1
2026-05-21 11:11:18,25,memory_stress,LOCAL,25.62,25.61,1404,0.51,0.0,56.9,95.33,98.0,55.5,39.03,1
2026-05-21 11:11:20,26,memory_stress,LOCAL,25.71,25.63,1532,0.57,0.0,61.29,95.3,99.1,55.5,38.9,1
2026-05-21 11:11:22,27,memory_stress,LOCAL,25.71,25.63,1532,0.56,0.0,62.9,95.34,98.0,56.0,38.9,1
2026-05-21 11:11:24,28,memory_stress,LOCAL,25.71,25.63,1532,1.24,0.0,60.66,95.34,98.9,56.0,38.9,1
2026-05-21 11:11:26,29,memory_stress,LOCAL,25.67,25.61,1660,0.59,0.0,62.71,95.32,98.4,56.5,38.96,1
2026-05-21 11:11:28,30,memory_stress,LOCAL,25.67,25.61,1660,173.26,0.0,61.29,95.32,98.3,56.5,38.96,1
2026-05-21 11:13:19,1,thermal,LOCAL,26.25,26.05,131,0.5,0.0,31.67,82.58,98.9,52.0,38.1,1
2026-05-21 11:13:21,2,thermal,LOCAL,28.07,27.21,271,0.57,0.0,22.95,82.47,98.3,52.0,35.63,1
2026-05-21 11:13:23,3,thermal,LOCAL,28.07,27.21,271,0.58,0.0,22.81,82.47,99.0,52.5,35.63,1
2026-05-21 11:13:25,4,thermal,LOCAL,28.06,27.49,411,0.56,0.0,21.67,82.57,98.5,53.0,35.64,1
2026-05-21 11:13:27,5,thermal,LOCAL,28.06,27.49,411,0.48,0.0,22.03,82.58,98.4,53.0,35.64,1
2026-05-21 11:13:29,6,thermal,LOCAL,28.06,27.49,411,0.54,0.0,17.24,82.59,98.2,53.0,35.64,1
2026-05-21 11:13:31,7,thermal,LOCAL,27.87,27.57,550,16.95,0.0,21.67,82.6,98.8,53.0,35.88,1
2026-05-21 11:13:33,8,thermal,LOCAL,27.87,27.57,550,0.55,0.0,21.67,82.61,98.8,53.0,35.88,1
2026-05-21 11:13:35,9,thermal,LOCAL,27.99,27.66,689,40.86,0.0,18.64,82.63,98.9,53.5,35.73,1
2026-05-21 11:13:37,10,thermal,LOCAL,27.99,27.66,689,44.22,0.0,22.95,82.65,98.2,53.0,35.73,1
2026-05-21 11:13:39,11,thermal,LOCAL,27.99,27.66,689,43.06,0.0,20.34,82.66,98.7,53.0,35.73,1
2026-05-21 11:13:41,12,thermal,LOCAL,27.94,27.72,828,24.73,0.0,22.95,82.67,98.4,53.5,35.79,1
2026-05-21 11:13:43,13,thermal,LOCAL,27.94,27.72,828,0.54,0.0,21.31,82.68,98.4,54.0,35.79,1
2026-05-21 11:13:45,14,thermal,LOCAL,27.98,27.76,967,0.55,0.0,21.67,82.7,98.9,54.0,35.74,1
2026-05-21 11:13:47,15,thermal,LOCAL,27.98,27.76,967,0.53,0.0,22.95,82.74,98.8,54.0,35.74,1
2026-05-21 11:13:49,16,thermal,LOCAL,27.98,27.76,967,0.55,0.0,20.0,82.76,98.8,54.5,35.74,1
2026-05-21 11:13:51,17,thermal,LOCAL,27.94,27.79,1106,10.56,0.0,20.0,82.76,98.4,53.5,35.79,1
2026-05-21 11:13:53,18,thermal,LOCAL,27.94,27.79,1106,0.55,0.0,22.95,82.77,98.7,53.5,35.79,1
2026-05-21 11:13:55,19,thermal,LOCAL,27.99,27.81,1245,0.53,0.0,20.34,82.78,99.0,54.0,35.73,1
2026-05-21 11:13:57,20,thermal,LOCAL,27.99,27.81,1245,0.53,0.0,17.54,82.79,98.8,54.0,35.73,1
2026-05-21 11:13:59,21,thermal,LOCAL,27.99,27.81,1245,0.55,0.0,18.97,82.8,98.9,54.0,35.73,1
2026-05-21 11:14:01,22,thermal,LOCAL,27.92,27.81,1384,0.54,0.0,20.0,82.83,98.8,54.5,35.82,1
2026-05-21 11:14:03,23,thermal,LOCAL,27.92,27.81,1384,13.9,0.0,20.34,82.65,99.1,55.0,35.82,1
2026-05-21 11:14:05,24,thermal,LOCAL,27.79,27.81,1522,0.49,0.0,28.57,82.66,98.8,55.0,35.98,1
2026-05-21 11:14:07,25,thermal,LOCAL,27.79,27.81,1522,0.54,0.0,21.67,82.65,98.6,55.0,35.98,1
2026-05-21 11:14:09,26,thermal,LOCAL,27.79,27.81,1522,0.54,0.0,21.67,82.66,98.5,55.0,35.98,1
2026-05-21 11:14:11,27,thermal,LOCAL,27.93,27.82,1661,0.55,0.0,18.97,82.66,98.4,55.0,35.8,1
2026-05-21 11:14:13,28,thermal,LOCAL,27.93,27.82,1661,0.53,0.0,17.86,82.78,98.5,55.0,35.8,1
2026-05-21 11:14:15,29,thermal,LOCAL,27.97,27.84,1800,0.47,0.0,25.0,82.8,98.5,55.5,35.75,1
2026-05-21 11:14:17,30,thermal,LOCAL,27.97,27.84,1800,0.55,0.0,18.97,82.72,98.5,55.5,35.75,1
2026-05-21 11:14:19,31,thermal,LOCAL,27.97,27.84,1800,0.56,0.0,20.0,82.72,98.5,55.5,35.75,1
2026-05-21 11:14:21,32,thermal,LOCAL,27.86,27.83,1939,0.56,0.0,20.34,82.71,98.4,56.0,35.89,1
2026-05-21 11:14:23,33,thermal,LOCAL,27.86,27.83,1939,0.47,0.0,20.0,82.73,98.8,55.5,35.89,1
2026-05-21 11:14:25,34,thermal,LOCAL,27.97,27.85,2078,0.55,0.0,22.58,82.74,98.5,55.5,35.75,1
2026-05-21 11:14:27,35,thermal,LOCAL,27.97,27.85,2078,0.58,0.0,21.67,82.75,98.5,55.5,35.75,1
2026-05-21 11:14:29,36,thermal,LOCAL,27.97,27.85,2078,0.53,0.0,18.64,82.77,98.3,56.0,35.75,1
2026-05-21 11:14:31,37,thermal,LOCAL,27.95,27.86,2217,0.54,0.0,20.0,82.78,98.5,56.0,35.78,1
2026-05-21 11:14:33,38,thermal,LOCAL,27.95,27.86,2217,0.57,0.0,18.64,82.8,98.3,56.0,35.78,1
2026-05-21 11:14:35,39,thermal,LOCAL,28.07,27.86,2357,0.53,0.0,17.54,82.81,98.4,56.5,35.63,1
2026-05-21 11:14:37,40,thermal,LOCAL,28.07,27.86,2357,0.53,0.0,17.54,82.82,98.5,56.5,35.63,1
2026-05-21 11:14:39,41,thermal,LOCAL,28.07,27.86,2357,0.49,0.0,21.67,82.84,99.0,56.5,35.63,1
2026-05-21 11:14:41,42,thermal,LOCAL,27.78,27.86,2495,0.55,0.0,22.03,82.85,98.4,57.0,36.0,1
2026-05-21 11:14:43,43,thermal,LOCAL,27.78,27.86,2495,0.53,0.0,21.67,82.85,98.8,56.5,36.0,1
2026-05-21 11:14:45,44,thermal,LOCAL,28.12,27.88,2635,0.55,0.0,17.24,82.85,98.4,56.5,35.56,1
2026-05-21 11:14:47,45,thermal,LOCAL,28.12,27.88,2635,0.5,0.0,22.58,82.87,98.0,56.5,35.56,1
2026-05-21 11:14:49,46,thermal,LOCAL,28.12,27.88,2635,0.54,0.0,35.0,82.87,99.1,56.5,35.56,1
2026-05-21 11:14:51,47,thermal,LOCAL,27.83,27.87,2774,0.55,0.0,25.42,82.81,98.5,57.0,35.93,1
2026-05-21 11:14:53,48,thermal,LOCAL,27.83,27.87,2774,0.53,0.0,15.79,82.69,98.8,57.0,35.93,1
2026-05-21 11:14:55,49,thermal,LOCAL,27.68,27.86,2912,0.56,0.0,17.54,82.79,98.6,57.5,36.13,1
2026-05-21 11:14:57,50,thermal,LOCAL,27.68,27.86,2912,0.58,0.0,20.0,82.69,98.5,57.0,36.13,1
2026-05-21 11:14:59,51,thermal,LOCAL,27.68,27.86,2912,0.63,0.0,20.0,82.8,98.5,57.5,36.13,1
2026-05-21 11:15:01,52,thermal,LOCAL,28.07,27.88,3052,0.57,0.0,20.34,82.74,98.7,57.0,35.63,1
2026-05-21 11:15:03,53,thermal,LOCAL,28.07,27.88,3052,0.58,0.0,21.05,82.72,98.7,57.0,35.63,1
2026-05-21 11:15:05,54,thermal,LOCAL,27.96,27.88,3191,0.83,0.0,20.34,82.82,99.0,58.0,35.77,1
2026-05-21 11:15:07,55,thermal,LOCAL,27.96,27.88,3191,0.56,0.0,22.95,82.73,98.8,57.5,35.77,1
2026-05-21 11:15:09,56,thermal,LOCAL,27.96,27.88,3191,0.53,0.0,21.67,82.83,98.4,57.5,35.77,1
2026-05-21 11:15:11,57,thermal,LOCAL,27.98,27.88,3330,0.54,0.0,18.64,82.75,98.3,57.5,35.74,1
2026-05-21 11:15:13,58,thermal,LOCAL,27.98,27.88,3330,0.55,0.0,22.81,82.86,97.9,58.0,35.74,1
2026-05-21 11:15:15,59,thermal,LOCAL,28.13,27.89,3470,0.5,0.0,18.97,82.77,98.1,58.0,35.55,1
2026-05-21 11:15:17,60,thermal,LOCAL,28.13,27.89,3470,0.59,0.0,21.31,82.89,98.4,57.5,35.55,1
2026-05-21 11:15:19,61,thermal,LOCAL,28.13,27.89,3470,0.49,0.0,18.97,82.78,98.5,58.0,35.55,1
2026-05-21 11:15:21,62,thermal,LOCAL,27.89,27.89,3609,0.54,0.0,20.0,82.9,98.7,58.0,35.86,1
2026-05-21 11:15:23,63,thermal,LOCAL,27.89,27.89,3609,7.85,0.0,18.64,82.8,98.1,58.0,35.86,1
2026-05-21 11:15:25,64,thermal,LOCAL,28.05,27.9,3749,0.53,0.0,20.34,82.92,98.7,58.0,35.65,1
2026-05-21 11:15:27,65,thermal,LOCAL,28.05,27.9,3749,0.54,0.0,18.97,82.83,98.4,58.0,35.65,1
2026-05-21 11:15:29,66,thermal,LOCAL,28.05,27.9,3749,0.53,0.0,24.59,82.94,98.5,58.0,35.65,1
2026-05-21 11:15:31,67,thermal,LOCAL,28.02,27.9,3889,0.53,0.0,21.67,82.86,98.5,58.5,35.69,1
2026-05-21 11:15:33,68,thermal,LOCAL,28.02,27.9,3889,0.53,0.0,17.24,82.96,98.5,58.5,35.69,1
2026-05-21 11:15:35,69,thermal,LOCAL,27.99,27.91,4028,0.55,0.0,66.67,82.88,98.5,58.0,35.73,1
2026-05-21 11:15:37,70,thermal,LOCAL,27.99,27.91,4028,0.56,0.0,41.94,82.78,98.1,58.5,35.73,1
2026-05-21 11:15:39,71,thermal,LOCAL,27.99,27.91,4028,0.52,0.0,20.0,82.8,98.4,59.0,35.73,1
2026-05-21 11:15:41,72,thermal,LOCAL,27.52,27.89,4165,0.55,0.0,17.54,82.81,98.5,58.5,36.34,1
2026-05-21 11:15:43,73,thermal,LOCAL,27.52,27.89,4165,0.5,0.0,18.97,82.69,98.9,58.5,36.34,1
2026-05-21 11:15:45,74,thermal,LOCAL,28.05,27.9,4305,0.57,0.0,20.34,82.69,99.0,59.0,35.65,1
2026-05-21 11:15:47,75,thermal,LOCAL,28.05,27.9,4305,0.53,0.0,22.95,82.8,98.9,59.0,35.65,1
2026-05-21 11:15:49,76,thermal,LOCAL,28.05,27.9,4305,0.5,0.0,20.34,82.7,98.7,59.5,35.65,1
2026-05-21 11:15:51,77,thermal,LOCAL,28.01,27.9,4445,0.55,0.0,22.95,82.81,98.4,58.5,35.7,1
2026-05-21 11:15:53,78,thermal,LOCAL,28.01,27.9,4445,0.55,0.0,22.95,82.72,98.4,59.0,35.7,1
2026-05-21 11:15:55,79,thermal,LOCAL,28.09,27.9,4585,0.53,0.0,19.67,82.84,98.6,59.0,35.6,1
2026-05-21 11:15:57,80,thermal,LOCAL,28.09,27.9,4585,0.56,0.0,20.34,82.75,98.6,59.0,35.6,1
2026-05-21 11:15:59,81,thermal,LOCAL,28.09,27.9,4585,0.57,0.0,24.19,82.75,98.5,59.0,35.6,1
2026-05-21 11:16:01,82,thermal,LOCAL,27.56,27.9,4722,0.56,0.0,24.19,82.76,98.3,59.5,36.28,1
2026-05-21 11:16:03,83,thermal,LOCAL,27.56,27.9,4722,0.51,0.0,23.81,82.87,98.7,59.5,36.28,1
2026-05-21 11:16:05,84,thermal,LOCAL,26.97,27.87,4856,0.56,0.0,22.95,82.79,98.7,59.5,37.08,1
2026-05-21 11:16:07,85,thermal,LOCAL,26.97,27.87,4856,0.57,0.0,18.97,82.8,98.7,59.5,37.08,1
2026-05-21 11:16:09,86,thermal,LOCAL,26.97,27.87,4856,0.53,0.0,20.0,82.82,98.3,59.5,37.08,1
2026-05-21 11:16:11,87,thermal,LOCAL,28.0,27.87,4996,0.55,0.0,24.14,82.83,98.8,59.0,35.71,1
2026-05-21 11:16:13,88,thermal,LOCAL,28.0,27.87,4996,0.55,0.0,17.24,82.84,98.7,59.5,35.71,1
2026-05-21 11:16:15,89,thermal,LOCAL,28.06,27.88,5136,0.54,0.0,18.64,82.86,98.8,59.5,35.64,1
2026-05-21 11:16:17,90,thermal,LOCAL,28.06,27.88,5136,0.59,0.0,17.54,82.86,98.8,59.5,35.64,1
2026-05-21 11:16:19,91,thermal,LOCAL,28.06,27.88,5136,0.54,0.0,21.67,82.87,98.0,60.0,35.64,1
2026-05-21 11:16:21,92,thermal,LOCAL,28.0,27.88,5276,0.48,0.0,21.31,82.88,98.5,59.5,35.71,1
2026-05-21 11:16:23,93,thermal,LOCAL,28.0,27.88,5276,0.56,0.0,20.0,82.72,98.7,60.0,35.71,1
2026-05-21 11:16:25,94,thermal,LOCAL,27.91,27.88,5415,22.39,0.0,35.59,82.69,98.7,59.5,35.83,1
2026-05-21 11:16:27,95,thermal,LOCAL,27.91,27.88,5415,47.58,0.0,21.31,82.71,98.9,60.0,35.83,1
2026-05-21 11:16:29,96,thermal,LOCAL,27.91,27.88,5415,42.09,0.0,23.73,82.71,98.4,60.0,35.83,1
2026-05-21 11:16:31,97,thermal,LOCAL,27.78,27.88,5553,39.19,0.0,18.64,82.71,98.4,60.0,36.0,1
2026-05-21 11:16:33,98,thermal,LOCAL,27.78,27.88,5553,40.86,0.0,19.3,82.71,98.9,60.0,36.0,1
2026-05-21 11:16:35,99,thermal,LOCAL,28.08,27.88,5693,43.14,0.0,22.03,82.72,98.9,60.0,35.61,1
2026-05-21 11:16:37,100,thermal,LOCAL,28.08,27.88,5693,44.97,0.0,20.34,82.73,98.8,60.0,35.61,1
2026-05-21 11:16:39,101,thermal,LOCAL,28.08,27.88,5693,47.45,0.0,23.33,82.76,98.8,60.0,35.61,1
2026-05-21 11:16:41,102,thermal,LOCAL,28.02,27.89,5833,43.32,0.0,20.0,82.77,98.7,60.5,35.69,1
2026-05-21 11:16:44,103,thermal,LOCAL,28.02,27.89,5833,48.77,50.0,20.34,82.77,98.8,60.5,35.69,1
2026-05-21 11:16:46,104,thermal,LOCAL,28.07,27.89,5973,38.29,50.0,22.81,82.79,98.5,60.0,35.63,1
2026-05-21 11:16:48,105,thermal,LOCAL,28.07,27.89,5973,63.75,50.0,27.12,82.79,98.4,60.0,35.63,1
2026-05-21 11:16:49,106,thermal,LOCAL,28.01,27.9,6113,41.81,0.0,31.15,82.81,98.9,60.0,35.7,1
2026-05-21 11:16:52,107,thermal,LOCAL,28.01,27.9,6113,49.53,0.0,22.81,82.81,98.6,60.5,35.7,1
2026-05-21 11:16:53,108,thermal,LOCAL,28.01,27.9,6113,49.88,0.0,20.0,82.82,98.8,60.5,35.7,1
2026-05-21 11:16:56,109,thermal,LOCAL,28.1,27.9,6253,57.36,0.0,21.31,82.84,98.4,60.5,35.59,1
2026-05-21 11:16:58,110,thermal,LOCAL,28.1,27.9,6253,50.36,0.0,18.64,82.85,98.3,60.5,35.59,1
2026-05-21 11:16:59,111,thermal,LOCAL,27.99,27.9,6392,0.57,0.0,18.33,82.88,98.2,60.5,35.73,1
2026-05-21 11:17:01,112,thermal,LOCAL,27.99,27.9,6392,0.56,0.0,15.79,82.88,98.5,60.5,35.73,1
2026-05-21 11:17:03,113,thermal,LOCAL,27.99,27.9,6392,0.53,0.0,18.97,82.9,98.4,60.5,35.73,1
2026-05-21 11:17:05,114,thermal,LOCAL,28.05,27.9,6532,36.23,0.0,20.0,82.9,98.8,60.5,35.65,1
2026-05-21 11:17:07,115,thermal,LOCAL,28.05,27.9,6532,17.08,0.0,20.34,82.92,98.7,60.5,35.65,1
2026-05-21 11:17:09,116,thermal,LOCAL,28.05,27.91,6672,20.36,0.0,18.97,82.93,98.4,61.0,35.65,1
2026-05-21 11:17:11,117,thermal,LOCAL,28.05,27.91,6672,0.56,0.0,20.0,82.76,98.6,61.0,35.65,1
2026-05-21 11:17:13,118,thermal,LOCAL,28.05,27.91,6672,0.58,0.0,23.81,82.84,98.4,61.5,35.65,1
2026-05-21 11:17:15,119,thermal,LOCAL,27.79,27.91,6810,0.64,0.0,19.3,82.84,98.5,61.0,35.98,1
2026-05-21 11:17:17,120,thermal,LOCAL,27.79,27.91,6810,0.59,0.0,17.24,82.73,98.3,61.0,35.98,1
2026-05-21 11:17:19,121,thermal,LOCAL,27.97,27.91,6949,0.6,0.0,18.97,82.73,98.4,61.5,35.75,1
2026-05-21 11:17:21,122,thermal,LOCAL,27.97,27.91,6949,0.57,0.0,14.55,82.72,98.4,61.5,35.75,1
2026-05-21 11:17:23,123,thermal,LOCAL,27.97,27.91,6949,0.56,0.0,20.0,82.71,98.7,61.0,35.75,1
2026-05-21 11:17:25,124,thermal,LOCAL,27.99,27.91,7088,0.56,0.0,16.95,82.72,99.0,61.5,35.73,1
2026-05-21 11:17:27,125,thermal,LOCAL,27.99,27.91,7088,0.57,0.0,20.97,82.73,98.6,61.0,35.73,1
2026-05-21 11:17:29,126,thermal,LOCAL,28.07,27.91,7228,0.49,0.0,18.33,82.76,98.3,61.0,35.63,1
2026-05-21 11:17:31,127,thermal,LOCAL,28.07,27.91,7228,0.48,0.0,15.79,82.76,98.6,61.0,35.63,1
2026-05-21 11:17:33,128,thermal,LOCAL,28.07,27.91,7228,0.57,0.0,19.67,82.78,98.6,61.0,35.63,1
2026-05-21 11:17:35,129,thermal,LOCAL,28.06,27.91,7368,12.86,0.0,20.0,82.79,98.9,61.0,35.64,1
2026-05-21 11:17:38,130,thermal,LOCAL,28.06,27.91,7368,40.37,0.0,21.31,82.81,98.5,61.5,35.64,1
2026-05-21 11:17:39,131,thermal,LOCAL,28.1,27.92,7508,0.53,0.0,26.67,82.77,98.4,61.5,35.59,1
2026-05-21 11:17:41,132,thermal,LOCAL,28.1,27.92,7508,0.58,0.0,18.33,82.79,98.4,61.5,35.59,1
2026-05-21 11:17:43,133,thermal,LOCAL,28.1,27.92,7508,0.56,0.0,18.64,82.8,99.0,61.5,35.59,1
2026-05-21 11:17:45,134,thermal,LOCAL,28.06,27.92,7648,0.52,0.0,23.81,82.82,98.9,62.0,35.64,1
2026-05-21 11:17:48,135,thermal,LOCAL,28.06,27.92,7648,21.72,0.0,19.35,82.83,98.5,61.5,35.64,1
2026-05-21 11:17:49,136,thermal,LOCAL,28.0,27.92,7788,19.15,0.0,22.41,82.84,98.8,61.5,35.71,1
2026-05-21 11:17:51,137,thermal,LOCAL,28.0,27.92,7788,0.79,0.0,17.24,82.85,98.9,62.0,35.71,1
2026-05-21 11:17:53,138,thermal,LOCAL,28.0,27.92,7788,0.55,0.0,16.95,82.96,98.5,62.0,35.71,1
2026-05-21 11:17:55,139,thermal,LOCAL,28.09,27.93,7928,0.54,0.0,20.0,82.87,98.4,62.0,35.6,1
2026-05-21 11:17:57,140,thermal,LOCAL,28.09,27.93,7928,0.53,0.0,18.64,82.88,98.8,61.5,35.6,1
2026-05-21 11:17:59,141,thermal,LOCAL,28.04,27.93,8068,0.58,0.0,25.0,82.92,98.6,62.0,35.66,1
2026-05-21 11:18:02,142,thermal,LOCAL,28.04,27.93,8068,0.7,0.0,21.67,82.69,99.1,62.0,35.66,1
2026-05-21 11:18:04,143,thermal,LOCAL,28.04,27.93,8068,0.49,0.0,20.0,82.68,98.9,62.0,35.66,1
2026-05-21 11:18:06,144,thermal,LOCAL,28.0,27.93,8208,0.55,0.0,18.03,82.68,98.5,62.0,35.71,1
2026-05-21 11:18:07,145,thermal,LOCAL,28.0,27.93,8208,0.57,0.0,19.67,82.69,98.5,62.0,35.71,1
2026-05-21 11:18:10,146,thermal,LOCAL,27.99,27.93,8347,0.57,0.0,16.95,82.69,98.4,62.0,35.73,1
2026-05-21 11:18:11,147,thermal,LOCAL,27.99,27.93,8347,0.57,0.0,16.95,82.69,98.7,62.5,35.73,1
2026-05-21 11:18:14,148,thermal,LOCAL,27.99,27.93,8347,0.58,0.0,17.24,82.69,98.8,62.0,35.73,1
2026-05-21 11:18:15,149,thermal,LOCAL,28.16,27.93,8487,0.58,0.0,16.95,82.7,98.4,62.5,35.51,1
2026-05-21 11:18:18,150,thermal,LOCAL,28.16,27.93,8487,0.59,0.0,21.31,82.71,98.9,62.0,35.51,1
2026-05-21 16:59:29,1,ideal,LOCAL,0.0,0.0,0,0.61,0.0,53.45,82.24,98.1,41.0,-1.0,1
2026-05-21 16:59:31,2,ideal,LOCAL,0.0,0.0,0,0.65,0.0,43.33,82.28,98.7,43.5,-1.0,1
2026-05-21 16:59:33,3,ideal,LOCAL,0.0,0.0,0,0.67,0.0,44.26,82.27,98.1,44.5,-1.0,1
2026-05-21 16:59:35,4,ideal,LOCAL,23.13,22.99,115,0.66,0.0,40.68,82.29,98.3,44.5,43.23,1
2026-05-21 16:59:37,5,ideal,LOCAL,23.13,22.99,115,42.15,0.0,38.98,82.3,98.1,45.0,43.23,1
2026-05-21 16:59:39,6,ideal,LOCAL,23.24,23.1,231,0.6,0.0,38.6,82.31,98.3,45.0,43.03,1
2026-05-21 16:59:41,7,ideal,LOCAL,23.24,23.1,231,0.51,0.0,41.67,82.33,98.1,45.5,43.03,1
2026-05-21 16:59:43,8,ideal,LOCAL,23.24,23.1,231,0.71,0.0,44.44,82.37,98.3,46.0,43.03,1
2026-05-21 16:59:45,9,ideal,LOCAL,23.29,23.2,347,0.62,0.0,41.67,82.38,98.8,46.0,42.94,1
2026-05-21 16:59:47,10,ideal,LOCAL,23.29,23.2,347,0.67,0.0,41.94,82.47,98.1,46.0,42.94,1
2026-05-21 16:59:49,11,ideal,LOCAL,23.2,23.2,462,0.68,0.0,42.37,82.5,73.7,46.0,43.1,1
2026-05-21 16:59:51,12,ideal,LOCAL,23.2,23.2,462,0.56,0.0,41.67,82.5,98.6,46.5,43.1,1
2026-05-21 16:59:53,13,ideal,LOCAL,23.2,23.2,462,0.58,0.0,46.67,82.49,98.2,46.5,43.1,1
2026-05-21 16:59:55,14,ideal,LOCAL,23.26,23.16,578,0.64,0.0,37.93,82.62,98.7,47.0,42.99,1
2026-05-21 16:59:57,15,ideal,LOCAL,23.26,23.16,578,0.59,0.0,45.9,82.54,98.5,47.0,42.99,1
2026-05-21 16:59:59,16,ideal,LOCAL,23.4,23.23,695,0.63,0.0,43.55,82.56,98.2,47.0,42.74,1
2026-05-21 17:00:01,17,ideal,LOCAL,23.4,23.23,695,0.65,0.0,48.44,82.55,98.4,47.0,42.74,1
2026-05-21 17:00:03,18,ideal,LOCAL,23.4,23.23,695,0.67,0.0,43.55,82.56,98.7,47.0,42.74,1
2026-05-21 17:00:05,19,ideal,LOCAL,23.27,23.26,811,2.85,0.0,40.32,82.58,97.4,47.5,42.97,1
2026-05-21 17:00:07,20,ideal,LOCAL,23.27,23.26,811,0.58,0.0,44.26,82.59,97.6,47.0,42.97,1
2026-05-21 17:00:09,21,ideal,LOCAL,23.16,23.22,926,0.83,0.0,42.37,82.47,98.3,48.0,43.18,1
2026-05-21 17:00:11,22,ideal,LOCAL,23.16,23.22,926,0.6,0.0,48.33,82.49,98.0,47.5,43.18,1
2026-05-21 17:00:13,23,ideal,LOCAL,23.16,23.22,926,0.56,0.0,43.33,82.53,98.5,48.0,43.18,1
2026-05-21 17:00:15,24,ideal,LOCAL,23.21,23.22,1042,0.54,0.0,66.67,82.55,98.0,48.0,43.08,1
2026-05-21 17:00:17,25,ideal,LOCAL,23.21,23.22,1042,0.54,0.0,43.33,82.17,98.1,48.5,43.08,1
2026-05-21 17:00:19,26,ideal,LOCAL,23.3,23.24,1158,0.54,0.0,44.07,82.16,98.7,48.5,42.92,1
2026-05-21 17:00:21,27,ideal,LOCAL,23.3,23.24,1158,0.51,0.0,46.88,82.15,98.1,48.5,42.92,1
2026-05-21 17:00:23,28,ideal,LOCAL,23.3,23.24,1158,0.53,0.0,45.9,82.17,98.3,48.5,42.92,1
2026-05-21 17:00:25,29,ideal,LOCAL,23.29,23.24,1274,0.55,0.0,45.16,82.18,98.2,49.0,42.94,1
2026-05-21 17:00:27,30,ideal,LOCAL,23.29,23.24,1274,0.54,0.0,45.9,82.18,98.7,49.0,42.94,1
2026-05-21 17:00:29,31,ideal,LOCAL,23.16,23.23,1389,0.53,0.0,43.1,82.19,98.2,49.0,43.18,1
2026-05-21 17:00:31,32,ideal,LOCAL,23.16,23.23,1389,0.54,0.0,45.0,82.22,98.6,49.0,43.18,1
2026-05-21 17:00:33,33,ideal,LOCAL,23.16,23.23,1389,0.53,0.0,45.0,82.23,98.0,49.5,43.18,1
2026-05-21 17:00:35,34,ideal,LOCAL,23.31,23.24,1505,0.53,0.0,46.67,82.25,98.6,49.5,42.9,1
2026-05-21 17:00:37,35,ideal,LOCAL,23.31,23.24,1505,0.5,0.0,46.67,82.26,98.2,50.0,42.9,1
2026-05-21 17:00:39,36,ideal,LOCAL,23.18,23.24,1620,0.59,0.0,41.38,82.27,98.5,50.0,43.14,1
2026-05-21 17:00:41,37,ideal,LOCAL,23.18,23.24,1620,0.61,0.0,50.0,82.29,98.7,49.5,43.14,1
2026-05-21 17:00:43,38,ideal,LOCAL,23.18,23.24,1620,0.57,0.0,47.54,82.3,98.2,50.0,43.14,1
2026-05-21 17:00:45,39,ideal,LOCAL,23.31,23.24,1736,0.64,0.0,44.26,82.32,97.9,50.0,42.9,1
2026-05-21 17:00:47,40,ideal,LOCAL,23.31,23.24,1736,13.91,0.0,44.83,82.31,98.8,50.0,42.9,1
2026-05-21 17:00:49,41,ideal,LOCAL,23.28,23.25,1852,0.67,0.0,45.0,82.32,73.9,50.0,42.96,1
2026-05-21 17:00:51,42,ideal,LOCAL,23.28,23.25,1852,0.64,0.0,51.72,82.34,98.2,50.5,42.96,1
2026-05-21 17:00:53,43,ideal,LOCAL,23.28,23.25,1852,0.59,0.0,57.38,81.31,20.0,49.0,42.96,1
