timestamp,frame_id,scenario,mode,regulator_reason,inference_ms,frame_ok,rtt_ms,bandwidth_kbps,error_rate_pct,cpu_load,ram_usage,gpu_load,gpu_temp
2026-05-21 14:20:37,1,ideal,LOCAL,cpu 14% < 60 and cloud not faster,4410.34,1,0.54,1051.16,0.0,13.56,71.09,0.0,44.5
2026-05-21 14:20:40,2,ideal,LOCAL,cpu 12% < 60 and cloud not faster,130.65,1,0.59,1109.83,0.0,11.86,83.25,0.0,44.5
2026-05-21 14:20:42,3,ideal,LOCAL,cpu 12% < 60 and cloud not faster,115.14,1,0.59,1125.76,0.0,11.86,83.28,0.0,44.5
2026-05-21 14:20:45,4,ideal,LOCAL,cpu 7% < 60 and cloud not faster,109.35,1,0.6,1131.07,0.0,6.78,83.3,0.0,44.5
2026-05-21 14:20:47,5,ideal,LOCAL,cpu 22% < 60 and cloud not faster,106.41,1,0.61,1126.12,0.0,21.67,83.39,0.6,44.5
2026-05-21 14:20:50,6,ideal,LOCAL,cpu 39% < 60 and cloud not faster,99.9,1,0.58,1133.29,0.0,38.98,83.49,2.5,44.5
2026-05-21 14:20:53,7,ideal,LOCAL,cpu 42% < 60 and cloud not faster,114.89,1,0.58,1126.34,0.0,41.67,83.78,10.1,44.5
2026-05-21 14:20:55,8,ideal,LOCAL,cpu 30% < 60 and cloud not faster,114.68,1,0.57,1103.63,0.0,29.51,83.74,0.6,45.0
2026-05-21 14:20:58,9,ideal,LOCAL,cpu 14% < 60 and cloud not faster,109.25,1,0.55,1132.15,0.0,13.79,83.86,0.0,45.0
2026-05-21 14:21:00,10,ideal,CLOUD,cpu hot (66% > 60),173.94,1,0.54,1133.41,0.0,66.1,83.94,0.6,45.0
2026-05-21 14:21:03,11,ideal,LOCAL,cpu 12% < 60 and cloud not faster,150.77,1,0.56,1116.05,0.0,11.86,83.88,0.0,45.0
2026-05-21 14:21:06,12,ideal,LOCAL,cpu 12% < 60 and cloud not faster,123.32,1,0.57,1131.31,0.0,12.07,83.87,0.0,45.0
2026-05-21 14:21:08,13,ideal,LOCAL,cpu 29% < 60 and cloud not faster,112.82,1,0.59,1089.25,0.0,28.81,83.92,7.1,45.0
2026-05-21 14:21:11,14,ideal,LOCAL,cpu 10% < 60 and cloud not faster,108.05,1,0.6,1123.83,0.0,9.84,83.95,0.0,45.0
2026-05-21 14:21:13,15,ideal,LOCAL,cpu 15% < 60 and cloud not faster,106.27,1,0.57,1045.34,0.0,14.75,83.96,0.0,45.0
2026-05-21 14:21:16,16,ideal,LOCAL,cpu 16% < 60 and cloud not faster,107.04,1,0.54,1121.95,0.0,16.39,83.87,0.0,45.0
2026-05-21 14:21:19,17,ideal,LOCAL,cpu 16% < 60 and cloud not faster,108.08,1,0.56,1087.48,0.0,16.39,83.87,0.0,44.5
2026-05-21 14:21:21,18,ideal,LOCAL,cpu 15% < 60 and cloud not faster,107.62,1,2.03,1129.7,0.0,15.0,83.59,0.0,44.5
2026-05-21 14:21:24,19,ideal,LOCAL,cpu 15% < 60 and cloud not faster,108.1,1,9.66,1127.56,0.0,15.0,83.85,0.0,45.0
2026-05-21 14:21:26,20,ideal,LOCAL,cpu 18% < 60 and cloud not faster,106.98,1,0.56,1131.39,0.0,18.33,83.85,0.0,45.0
2026-05-21 14:21:29,21,ideal,LOCAL,cpu 15% < 60 and cloud not faster,106.32,1,0.67,1128.69,0.0,15.25,83.89,0.0,45.0
2026-05-21 14:21:31,22,ideal,LOCAL,cpu 29% < 60 and cloud not faster,112.12,1,0.6,1133.63,0.0,28.81,83.83,0.7,45.0
2026-05-21 14:21:34,23,ideal,LOCAL,cpu 37% < 60 and cloud not faster,110.22,1,0.57,1132.39,0.0,36.51,83.96,1.4,45.0
2026-05-21 14:21:37,24,ideal,LOCAL,cpu 19% < 60 and cloud not faster,107.51,1,0.59,1133.68,0.0,18.97,83.94,0.0,45.0
2026-05-21 14:21:39,25,ideal,LOCAL,cpu 12% < 60 and cloud not faster,108.74,1,0.55,1120.02,0.0,11.86,83.69,0.0,45.0
2026-05-21 14:21:42,26,ideal,LOCAL,cpu 26% < 60 and cloud not faster,117.19,1,0.58,1131.86,0.0,26.23,83.96,0.6,45.0
2026-05-21 14:21:44,27,ideal,LOCAL,cpu 13% < 60 and cloud not faster,106.93,1,0.56,1128.26,0.0,13.33,83.92,0.0,45.0
2026-05-21 14:21:47,28,ideal,LOCAL,cpu 8% < 60 and cloud not faster,108.85,1,0.58,1130.33,0.0,8.2,83.97,0.0,45.0
2026-05-21 14:21:49,29,ideal,LOCAL,cpu 28% < 60 and cloud not faster,107.16,1,0.56,1132.15,0.0,27.87,83.98,7.0,45.0
2026-05-21 14:21:52,30,ideal,LOCAL,cpu 26% < 60 and cloud not faster,108.67,1,0.56,1132.68,0.0,26.32,83.93,0.0,45.5
2026-05-21 14:21:55,31,ideal,LOCAL,cpu 25% < 60 and cloud not faster,108.86,1,0.57,1132.67,0.0,24.59,83.92,0.0,45.0
2026-05-21 14:21:57,32,ideal,LOCAL,cpu 27% < 60 and cloud not faster,109.54,1,0.53,1134.63,0.0,27.12,83.95,0.6,45.0
2026-05-21 14:22:00,33,ideal,LOCAL,cpu 12% < 60 and cloud not faster,107.14,1,0.57,1130.95,0.0,11.67,83.97,0.6,45.0
2026-05-21 14:22:02,34,ideal,LOCAL,cpu 12% < 60 and cloud not faster,108.59,1,0.61,1130.58,0.0,11.86,83.97,0.0,45.5
2026-05-21 14:22:05,35,ideal,LOCAL,cpu 12% < 60 and cloud not faster,113.36,1,0.54,1133.03,0.0,11.67,83.97,0.0,45.0
2026-05-21 14:22:07,36,ideal,LOCAL,cpu 15% < 60 and cloud not faster,109.38,1,0.59,1125.81,0.0,14.75,83.95,0.0,45.0
2026-05-21 14:22:10,37,ideal,LOCAL,cpu 5% < 60 and cloud not faster,118.29,1,0.58,1132.84,0.0,5.0,83.95,0.0,45.0
2026-05-21 14:22:12,38,ideal,LOCAL,cpu 18% < 60 and cloud not faster,109.99,1,0.57,1106.69,0.0,17.54,83.92,0.0,45.0
2026-05-21 14:22:15,39,ideal,LOCAL,cpu 13% < 60 and cloud not faster,105.84,1,0.58,1132.13,0.0,13.11,83.96,0.0,45.0
2026-05-21 14:22:18,40,ideal,LOCAL,cpu 14% < 60 and cloud not faster,113.12,1,0.58,1129.24,0.0,13.56,83.98,0.0,45.0
2026-05-21 14:22:20,41,ideal,LOCAL,cpu 21% < 60 and cloud not faster,108.89,1,0.58,1129.7,0.0,21.31,83.98,0.0,45.0
2026-05-21 14:22:23,42,ideal,LOCAL,cpu 31% < 60 and cloud not faster,113.05,1,8.18,1133.64,0.0,30.65,84.0,5.8,45.0
2026-05-21 14:22:25,43,ideal,LOCAL,cpu 22% < 60 and cloud not faster,116.51,1,0.54,1132.09,0.0,22.41,83.86,0.6,45.0
2026-05-21 14:22:28,44,ideal,LOCAL,cpu 25% < 60 and cloud not faster,110.59,1,0.58,1126.61,0.0,25.42,83.91,4.1,45.5
2026-05-21 14:22:30,45,ideal,LOCAL,cpu 28% < 60 and cloud not faster,111.06,1,0.56,1130.76,0.0,27.59,83.9,2.3,45.5
2026-05-21 14:22:33,46,ideal,LOCAL,cpu 14% < 60 and cloud not faster,108.87,1,0.59,1113.43,0.0,13.56,83.86,0.0,45.0
2026-05-21 14:22:36,47,ideal,LOCAL,cpu 13% < 60 and cloud not faster,109.78,1,0.63,1129.47,0.0,13.11,83.88,0.0,45.0
2026-05-21 14:22:38,48,ideal,LOCAL,cpu 30% < 60 and cloud not faster,134.52,1,0.6,1132.43,0.0,30.0,83.89,8.5,45.0
2026-05-21 14:22:41,49,ideal,LOCAL,cpu 28% < 60 and cloud not faster,114.75,1,0.73,1133.47,0.0,27.59,83.85,8.0,45.0
2026-05-21 14:22:43,50,ideal,LOCAL,cpu 10% < 60 and cloud not faster,107.51,1,0.56,1130.88,0.0,10.17,83.84,0.0,45.5
2026-05-21 14:22:46,51,ideal,LOCAL,cpu 10% < 60 and cloud not faster,109.0,1,0.54,1129.48,0.0,10.17,83.84,0.0,45.5
2026-05-21 14:22:48,52,ideal,LOCAL,cpu 18% < 60 and cloud not faster,107.36,1,0.56,1107.4,0.0,18.33,83.61,0.0,45.0
2026-05-21 14:22:51,53,ideal,LOCAL,cpu 15% < 60 and cloud not faster,108.35,1,0.57,1130.29,0.0,14.75,83.63,0.0,45.0
2026-05-21 14:22:54,54,ideal,LOCAL,cpu 18% < 60 and cloud not faster,107.4,1,0.87,1134.85,0.0,18.33,83.62,0.0,45.0
2026-05-21 14:22:56,55,ideal,LOCAL,cpu 15% < 60 and cloud not faster,106.56,1,0.59,1120.94,0.0,15.0,83.85,1.3,45.5
2026-05-21 14:22:59,56,ideal,LOCAL,cpu 14% < 60 and cloud not faster,106.47,1,6.0,1126.4,0.0,13.56,83.85,0.0,45.5
2026-05-21 14:23:01,57,ideal,LOCAL,cpu 10% < 60 and cloud not faster,108.9,1,0.59,1131.07,0.0,10.17,83.63,0.0,45.0
2026-05-21 14:23:04,58,ideal,LOCAL,cpu 5% < 60 and cloud not faster,112.17,1,0.58,1126.54,0.0,5.08,83.82,0.0,45.0
2026-05-21 14:23:06,59,ideal,LOCAL,cpu 20% < 60 and cloud not faster,113.55,1,0.58,1131.44,0.0,19.67,83.87,0.0,45.0
2026-05-21 14:23:09,60,ideal,LOCAL,cpu 28% < 60 and cloud not faster,112.83,1,0.6,1131.28,0.0,28.33,83.82,3.1,45.0
2026-05-21 14:23:12,61,ideal,LOCAL,cpu 23% < 60 and cloud not faster,107.72,1,0.86,1117.47,0.0,22.95,83.88,0.0,45.0
2026-05-21 14:23:14,62,ideal,LOCAL,cpu 27% < 60 and cloud not faster,111.48,1,0.6,1132.57,0.0,27.12,83.95,0.0,45.0
2026-05-21 14:23:17,63,ideal,LOCAL,cpu 13% < 60 and cloud not faster,108.0,1,0.6,1093.27,0.0,13.11,83.84,0.0,45.5
2026-05-21 14:23:19,64,ideal,LOCAL,cpu 13% < 60 and cloud not faster,107.11,1,0.64,1117.96,0.0,13.11,83.59,0.0,45.5
2026-05-21 14:23:22,65,ideal,LOCAL,cpu 8% < 60 and cloud not faster,107.39,1,0.6,1124.6,0.0,8.47,83.59,0.0,45.0
2026-05-21 14:23:24,66,ideal,LOCAL,cpu 56% < 60 and cloud not faster,150.19,1,3.89,1133.76,0.0,55.93,83.58,0.0,45.0
2026-05-21 14:23:27,67,ideal,LOCAL,cpu 15% < 60 and cloud not faster,111.5,1,4.8,1075.63,0.0,15.0,83.55,0.0,45.0
2026-05-21 14:23:30,68,ideal,LOCAL,cpu 12% < 60 and cloud not faster,108.3,1,0.61,1125.73,0.0,11.86,83.55,0.0,45.0
2026-05-21 14:23:32,69,ideal,LOCAL,cpu 16% < 60 and cloud not faster,108.79,1,0.61,1129.84,0.0,16.39,83.55,0.0,45.0
2026-05-21 14:23:35,70,ideal,LOCAL,cpu 14% < 60 and cloud not faster,106.77,1,0.58,1131.07,0.0,13.56,83.57,0.0,45.0
2026-05-21 14:23:37,71,ideal,LOCAL,cpu 10% < 60 and cloud not faster,107.05,1,0.59,1128.83,0.0,10.34,83.55,0.0,45.0
2026-05-21 14:23:40,72,ideal,LOCAL,cpu 8% < 60 and cloud not faster,110.17,1,0.56,1121.03,0.0,8.33,83.55,0.0,45.0
2026-05-21 14:23:42,73,ideal,LOCAL,cpu 13% < 60 and cloud not faster,109.49,1,0.61,1132.51,0.0,13.33,83.56,0.0,45.0
2026-05-21 14:23:45,74,ideal,LOCAL,cpu 15% < 60 and cloud not faster,107.65,1,0.58,1123.86,0.0,15.0,83.59,0.0,45.0
2026-05-21 14:23:48,75,ideal,LOCAL,cpu 12% < 60 and cloud not faster,107.56,1,0.59,1132.92,0.0,11.67,83.59,0.0,45.0
2026-05-21 14:23:50,76,ideal,LOCAL,cpu 16% < 60 and cloud not faster,110.37,1,0.58,1127.04,0.0,16.13,83.57,0.0,45.0
2026-05-21 14:23:53,77,ideal,LOCAL,cpu 21% < 60 and cloud not faster,107.44,1,0.58,1133.14,0.0,20.97,83.59,0.0,45.0
2026-05-21 14:23:55,78,ideal,LOCAL,cpu 17% < 60 and cloud not faster,106.39,1,0.62,1124.61,0.0,16.67,83.57,0.0,45.0
2026-05-21 14:23:58,79,ideal,LOCAL,cpu 11% < 60 and cloud not faster,110.94,1,8.51,1131.74,0.0,11.48,83.57,0.0,45.0
2026-05-21 14:24:00,80,ideal,LOCAL,cpu 15% < 60 and cloud not faster,108.09,1,0.59,1097.68,0.0,14.75,83.58,0.0,45.0
2026-05-21 14:24:03,81,ideal,LOCAL,cpu 11% < 60 and cloud not faster,108.14,1,0.55,1126.3,0.0,11.48,83.58,0.0,45.0
2026-05-21 14:24:05,82,ideal,LOCAL,cpu 15% < 60 and cloud not faster,108.96,1,0.57,1109.17,0.0,14.52,83.58,0.0,45.0
2026-05-21 14:24:08,83,ideal,LOCAL,cpu 18% < 60 and cloud not faster,106.02,1,0.53,1121.7,0.0,18.03,83.6,0.0,45.0
2026-05-21 14:24:11,84,ideal,CLOUD,cpu hot (67% > 60),164.14,1,0.54,1089.92,0.0,66.67,83.65,0.0,45.0
2026-05-21 14:24:13,85,ideal,LOCAL,cpu 15% < 60 and cloud not faster,154.89,1,0.58,1124.49,0.0,14.75,83.61,0.0,45.0
2026-05-21 14:24:16,86,ideal,LOCAL,cpu 15% < 60 and cloud not faster,142.77,1,4.08,909.26,0.0,15.0,83.63,0.0,45.0
2026-05-21 14:24:19,87,ideal,LOCAL,cpu 18% < 60 and cloud not faster,119.96,1,0.55,1099.35,0.0,17.74,83.63,0.0,45.0
2026-05-21 14:24:21,88,ideal,LOCAL,cpu 22% < 60 and cloud not faster,105.05,1,0.51,1127.55,0.0,22.41,83.65,4.9,45.5
2026-05-21 14:24:24,89,ideal,LOCAL,cpu 10% < 60 and cloud not faster,104.99,1,0.59,1105.68,0.0,10.17,83.63,0.0,45.0
2026-05-21 14:24:26,90,ideal,LOCAL,cpu 15% < 60 and cloud not faster,105.38,1,0.6,1111.77,0.0,15.0,83.59,0.0,45.0
2026-05-21 14:24:29,91,ideal,LOCAL,cpu 3% < 60 and cloud not faster,105.5,1,0.61,1128.69,0.0,3.39,83.6,0.0,45.0
2026-05-21 14:24:31,92,ideal,LOCAL,cpu 8% < 60 and cloud not faster,105.89,1,0.55,1126.81,0.0,8.47,83.6,0.0,45.0
2026-05-21 14:24:34,93,ideal,LOCAL,cpu 15% < 60 and cloud not faster,103.56,1,0.58,990.72,0.0,14.75,83.59,0.0,45.0
2026-05-21 14:24:37,94,ideal,LOCAL,cpu 12% < 60 and cloud not faster,107.58,1,0.57,1132.8,0.0,11.67,83.58,0.0,45.0
2026-05-21 14:24:39,95,ideal,LOCAL,cpu 16% < 60 and cloud not faster,109.13,1,0.53,1123.91,0.0,16.39,83.59,0.0,45.0
2026-05-21 14:24:42,96,ideal,LOCAL,cpu 10% < 60 and cloud not faster,106.4,1,0.56,1108.53,0.0,10.17,83.54,0.0,45.0
2026-05-21 14:24:44,97,ideal,LOCAL,cpu 11% < 60 and cloud not faster,116.73,1,0.54,1126.51,0.0,11.11,83.57,6.8,45.0
2026-05-21 14:24:47,98,ideal,LOCAL,cpu 24% < 60 and cloud not faster,111.21,1,0.6,1133.88,0.0,24.14,83.57,0.0,45.0
2026-05-21 14:24:49,99,ideal,LOCAL,cpu 12% < 60 and cloud not faster,111.8,1,0.56,1132.63,0.0,11.67,83.61,0.0,45.0
2026-05-21 14:24:52,100,ideal,LOCAL,cpu 10% < 60 and cloud not faster,106.2,1,0.58,1123.47,0.0,10.34,83.55,0.0,45.0
2026-05-21 14:24:55,101,ideal,CLOUD,cpu hot (65% > 60),179.85,1,0.58,1133.14,0.0,65.0,83.6,0.0,45.5
2026-05-21 14:24:57,102,ideal,LOCAL,cpu 21% < 60 and cloud not faster,141.99,1,0.62,1111.29,0.0,21.31,83.55,0.0,45.0
2026-05-21 14:25:00,103,ideal,LOCAL,cpu 8% < 60 and cloud not faster,110.23,1,0.57,1128.6,0.0,8.33,83.54,0.0,45.0
2026-05-21 14:25:02,104,ideal,LOCAL,cpu 10% < 60 and cloud not faster,108.99,1,0.6,1131.03,0.0,10.34,83.55,0.0,45.0
2026-05-21 14:25:05,105,ideal,LOCAL,cpu 16% < 60 and cloud not faster,108.74,1,0.57,1131.85,0.0,16.39,83.59,0.0,45.5
2026-05-21 14:25:08,106,ideal,LOCAL,cpu 10% < 60 and cloud not faster,106.48,1,0.57,1131.69,0.0,10.34,83.55,0.0,45.0
2026-05-21 14:25:10,107,ideal,LOCAL,cpu 24% < 60 and cloud not faster,110.85,1,0.56,1126.7,0.0,24.19,83.59,0.0,45.0
2026-05-21 14:25:13,108,ideal,LOCAL,cpu 13% < 60 and cloud not faster,107.15,1,0.57,1118.0,0.0,13.11,83.58,0.0,45.0
2026-05-21 14:25:15,109,ideal,LOCAL,cpu 14% < 60 and cloud not faster,110.58,1,0.58,1131.48,0.0,13.56,83.59,0.0,45.5
2026-05-21 14:25:18,110,ideal,LOCAL,cpu 7% < 60 and cloud not faster,109.04,1,10.59,1122.93,0.0,6.56,83.59,0.0,45.0
2026-05-21 14:25:20,111,ideal,LOCAL,cpu 13% < 60 and cloud not faster,108.34,1,0.57,1131.0,0.0,13.11,83.58,0.0,45.0
2026-05-21 14:25:23,112,ideal,LOCAL,cpu 15% < 60 and cloud not faster,109.38,1,0.56,1120.19,0.0,14.75,83.56,0.0,45.0
2026-05-21 14:25:26,113,ideal,LOCAL,cpu 16% < 60 and cloud not faster,116.22,1,0.58,1133.06,0.0,16.13,83.55,0.0,45.0
2026-05-21 14:25:28,114,ideal,LOCAL,cpu 15% < 60 and cloud not faster,107.04,1,0.54,1123.96,0.0,15.0,83.55,0.0,45.0
2026-05-21 14:25:31,115,ideal,LOCAL,cpu 24% < 60 and cloud not faster,109.3,1,0.57,1132.99,0.0,23.81,83.55,1.8,45.5
2026-05-21 14:25:33,116,ideal,LOCAL,cpu 13% < 60 and cloud not faster,106.69,1,0.58,1130.17,0.0,13.33,83.55,0.0,45.0
2026-05-21 14:25:36,117,ideal,LOCAL,cpu 5% < 60 and cloud not faster,109.6,1,0.59,1125.43,0.0,5.17,83.57,0.0,45.0
2026-05-21 14:25:38,118,ideal,LOCAL,cpu 23% < 60 and cloud not faster,106.3,1,0.73,1089.28,0.0,22.95,83.59,0.0,45.0
2026-05-21 14:25:41,119,ideal,LOCAL,cpu 11% < 60 and cloud not faster,108.34,1,0.57,1123.35,0.0,11.48,83.57,0.0,45.5
2026-05-21 14:25:43,120,ideal,LOCAL,cpu 15% < 60 and cloud not faster,108.23,1,0.58,1125.98,0.0,14.75,83.63,0.0,45.5
2026-05-21 14:25:46,121,ideal,LOCAL,cpu 35% < 60 and cloud not faster,119.51,1,0.55,1126.96,0.0,35.0,83.58,13.6,45.5
2026-05-21 14:25:49,122,ideal,LOCAL,cpu 15% < 60 and cloud not faster,113.59,1,0.55,1118.28,0.0,15.0,83.57,0.0,45.5
2026-05-21 14:25:51,123,ideal,LOCAL,cpu 20% < 60 and cloud not faster,107.83,1,0.62,1126.59,0.0,20.0,83.58,0.0,45.5
2026-05-21 14:25:54,124,ideal,LOCAL,cpu 13% < 60 and cloud not faster,109.14,1,0.52,1122.87,0.0,13.33,83.58,0.0,45.0
2026-05-21 14:25:56,125,ideal,LOCAL,cpu 10% < 60 and cloud not faster,109.77,1,0.57,1102.36,0.0,10.0,83.59,0.0,45.5
2026-05-21 14:25:59,126,ideal,LOCAL,cpu 11% < 60 and cloud not faster,110.5,1,0.64,1122.13,0.0,11.48,83.59,0.0,45.0
2026-05-21 14:26:02,127,ideal,LOCAL,cpu 19% < 60 and cloud not faster,104.74,1,0.58,1131.99,0.0,19.05,83.61,0.0,45.0
2026-05-21 14:26:04,128,ideal,LOCAL,cpu 13% < 60 and cloud not faster,104.97,1,0.54,1125.68,0.0,13.33,83.59,0.0,45.0
2026-05-21 14:26:07,129,ideal,LOCAL,cpu 14% < 60 and cloud not faster,105.09,1,0.59,1132.34,0.0,13.56,83.59,0.0,45.0
2026-05-21 14:26:09,130,ideal,LOCAL,cpu 12% < 60 and cloud not faster,104.55,1,0.62,1128.77,0.0,11.86,83.61,0.0,45.0
2026-05-21 14:26:12,131,ideal,LOCAL,cpu 8% < 60 and cloud not faster,106.62,1,0.55,1128.38,0.0,8.47,83.71,0.0,45.0
2026-05-21 14:26:14,132,ideal,LOCAL,cpu 15% < 60 and cloud not faster,117.68,1,3.21,1128.49,0.0,15.0,83.73,0.0,45.0
2026-05-21 14:26:17,133,ideal,LOCAL,cpu 7% < 60 and cloud not faster,106.88,1,9.21,1127.66,0.0,6.78,83.62,0.0,45.0
2026-05-21 14:26:19,134,ideal,LOCAL,cpu 12% < 60 and cloud not faster,102.83,1,0.56,1130.93,0.0,11.86,83.63,0.0,45.0
2026-05-21 14:26:22,135,ideal,LOCAL,cpu 13% < 60 and cloud not faster,106.34,1,0.54,1125.68,0.0,13.11,83.62,0.0,45.0
2026-05-21 14:26:25,136,ideal,CLOUD,cpu hot (66% > 60),189.31,1,0.61,1132.63,0.0,65.57,83.66,0.0,45.5
2026-05-21 14:26:27,137,ideal,LOCAL,cpu 12% < 60 and cloud not faster,136.05,1,0.63,1128.72,0.0,11.86,83.6,0.0,45.0
2026-05-21 14:26:30,138,ideal,LOCAL,cpu 10% < 60 and cloud not faster,107.61,1,10.9,1112.21,0.0,9.84,83.58,0.0,45.5
2026-05-21 14:26:32,139,ideal,LOCAL,cpu 16% < 60 and cloud not faster,103.61,1,1.1,1117.78,0.0,16.39,83.59,0.0,45.0
2026-05-21 14:26:35,140,ideal,LOCAL,cpu 7% < 60 and cloud not faster,110.55,1,0.6,1119.42,0.0,6.78,83.59,0.0,45.5
2026-05-21 14:26:37,141,ideal,LOCAL,cpu 12% < 60 and cloud not faster,103.51,1,0.56,1124.02,0.0,11.86,83.58,0.0,45.0
2026-05-21 14:26:40,142,ideal,LOCAL,cpu 10% < 60 and cloud not faster,105.05,1,1.37,1118.6,0.0,10.17,83.58,0.0,45.0
2026-05-21 14:26:43,143,ideal,LOCAL,cpu 15% < 60 and cloud not faster,100.75,1,0.6,1020.42,0.0,14.75,83.59,0.0,45.0
2026-05-21 14:26:45,144,ideal,LOCAL,cpu 16% < 60 and cloud not faster,108.41,1,0.6,1105.48,0.0,16.39,83.61,0.0,45.0
2026-05-21 14:26:48,145,ideal,LOCAL,cpu 18% < 60 and cloud not faster,104.06,1,0.6,1123.76,0.0,18.03,83.59,0.0,45.0
2026-05-21 14:26:50,146,ideal,LOCAL,cpu 13% < 60 and cloud not faster,104.57,1,0.7,1112.12,0.0,13.33,83.58,0.0,45.0
2026-05-21 14:26:53,147,ideal,LOCAL,cpu 16% < 60 and cloud not faster,105.37,1,0.6,1090.53,0.0,15.87,83.65,0.0,45.0
2026-05-21 14:26:55,148,ideal,LOCAL,cpu 12% < 60 and cloud not faster,106.89,1,0.6,1130.7,0.0,11.86,83.64,0.0,45.5
2026-05-21 14:26:58,149,ideal,LOCAL,cpu 30% < 60 and cloud not faster,106.65,1,0.58,1104.58,0.0,29.51,83.64,0.0,45.0
2026-05-21 14:27:00,150,ideal,LOCAL,cpu 18% < 60 and cloud not faster,104.5,1,0.74,1125.86,0.0,18.33,83.64,0.0,45.0
2026-05-21 14:33:53,1,high_latency,LOCAL,cpu 21% < 60 and cloud not faster,4345.68,1,100.65,221.96,0.0,20.69,70.29,3.0,43.0
2026-05-21 14:33:57,2,high_latency,LOCAL,cpu 17% < 60 and cloud not faster,146.59,1,100.59,222.99,0.0,16.67,82.23,0.0,43.0
2026-05-21 14:34:00,3,high_latency,LOCAL,cpu 15% < 60 and cloud not faster,119.36,1,101.36,223.29,0.0,15.0,81.71,0.0,43.0
2026-05-21 14:34:04,4,high_latency,LOCAL,cpu 12% < 60 and cloud not faster,112.44,1,100.73,223.34,0.0,11.86,81.71,0.0,43.5
2026-05-21 14:34:07,5,high_latency,LOCAL,cpu 15% < 60 and cloud not faster,112.09,1,100.7,223.33,0.0,14.75,81.72,0.0,43.0
2026-05-21 14:34:11,6,high_latency,LOCAL,cpu 12% < 60 and cloud not faster,117.52,1,100.64,223.37,0.0,12.07,81.79,0.0,43.5
2026-05-21 14:34:14,7,high_latency,LOCAL,cpu 12% < 60 and cloud not faster,110.54,1,100.64,223.35,0.0,11.67,81.76,0.0,43.0
2026-05-21 14:34:18,8,high_latency,LOCAL,cpu 10% < 60 and cloud not faster,114.37,1,100.62,223.29,0.0,9.84,81.76,0.0,43.0
2026-05-21 14:34:21,9,high_latency,LOCAL,cpu 12% < 60 and cloud not faster,112.22,1,100.64,223.5,0.0,11.86,81.78,0.0,43.5
2026-05-21 14:34:25,10,high_latency,LOCAL,cpu 16% < 60 and cloud not faster,112.9,1,100.58,222.87,0.0,15.87,81.75,0.0,43.0
2026-05-21 14:34:29,11,high_latency,LOCAL,cpu 10% < 60 and cloud not faster,111.55,1,103.23,223.45,0.0,10.34,81.75,0.0,43.5
2026-05-21 14:34:32,12,high_latency,LOCAL,cpu 14% < 60 and cloud not faster,111.81,1,100.61,220.61,0.0,13.56,81.69,0.0,43.5
2026-05-21 14:34:36,13,high_latency,LOCAL,cpu 15% < 60 and cloud not faster,115.17,1,100.61,223.54,0.0,14.75,81.7,0.0,43.5
2026-05-21 14:34:39,14,high_latency,LOCAL,cpu 12% < 60 and cloud not faster,113.26,1,100.61,223.34,0.0,12.07,81.72,0.0,43.0
2026-05-21 14:34:43,15,high_latency,CLOUD,cpu hot (66% > 60),465.78,1,100.67,218.6,0.0,65.57,81.74,0.0,43.5
2026-05-21 14:34:47,16,high_latency,LOCAL,cpu 15% < 60 and cloud not faster,150.11,1,100.55,223.44,0.0,14.75,81.86,0.0,43.0
2026-05-21 14:34:50,17,high_latency,LOCAL,cpu 14% < 60 and cloud not faster,127.41,1,100.67,223.44,0.0,13.56,81.77,0.0,43.0
2026-05-21 14:34:54,18,high_latency,LOCAL,cpu 5% < 60 and cloud not faster,116.71,1,100.62,222.67,0.0,5.17,81.78,0.0,43.0
2026-05-21 14:34:57,19,high_latency,LOCAL,cpu 20% < 60 and cloud not faster,112.45,1,100.61,221.22,0.0,20.0,81.77,0.0,43.5
2026-05-21 14:35:01,20,high_latency,LOCAL,cpu 14% < 60 and cloud not faster,117.37,1,100.56,222.83,0.0,13.56,81.79,0.0,43.0
2026-05-21 14:35:04,21,high_latency,LOCAL,cpu 15% < 60 and cloud not faster,110.75,1,100.58,223.43,0.0,15.0,81.73,0.0,43.0
2026-05-21 14:35:08,22,high_latency,LOCAL,cpu 15% < 60 and cloud not faster,117.13,1,100.55,221.03,0.0,15.25,81.75,0.0,43.5
2026-05-21 14:35:12,23,high_latency,LOCAL,cpu 17% < 60 and cloud not faster,113.12,1,100.58,220.23,0.0,16.67,81.88,0.0,43.5
2026-05-21 14:35:15,24,high_latency,LOCAL,cpu 16% < 60 and cloud not faster,115.59,1,100.66,223.24,0.0,15.52,81.84,0.0,43.0
2026-05-21 14:35:19,25,high_latency,LOCAL,cpu 12% < 60 and cloud not faster,114.62,1,100.61,222.25,0.0,11.86,81.81,0.0,43.5
2026-05-21 14:35:22,26,high_latency,LOCAL,cpu 15% < 60 and cloud not faster,114.1,1,100.63,223.52,0.0,15.25,81.78,0.2,43.5
2026-05-21 14:35:26,27,high_latency,CLOUD,cpu hot (67% > 60),465.59,1,100.6,223.49,0.0,66.67,81.83,0.0,43.5
2026-05-21 14:35:30,28,high_latency,LOCAL,cpu 10% < 60 and cloud not faster,165.01,1,100.63,214.73,0.0,10.17,81.78,0.0,43.5
2026-05-21 14:35:33,29,high_latency,LOCAL,cpu 24% < 60 and cloud not faster,133.46,1,100.62,223.61,0.0,24.19,81.79,10.8,43.5
2026-05-21 14:35:37,30,high_latency,LOCAL,cpu 8% < 60 and cloud not faster,126.81,1,100.59,223.64,0.0,8.33,81.81,0.0,43.5
2026-05-21 14:35:40,31,high_latency,LOCAL,cpu 13% < 60 and cloud not faster,114.75,1,100.66,223.41,0.0,13.11,81.82,0.0,43.5
2026-05-21 14:35:44,32,high_latency,LOCAL,cpu 28% < 60 and cloud not faster,139.65,1,100.64,223.35,0.0,28.12,81.9,0.0,43.5
2026-05-21 14:35:48,33,high_latency,LOCAL,cpu 13% < 60 and cloud not faster,112.67,1,100.58,223.28,0.0,13.33,82.15,0.0,43.5
2026-05-21 14:35:51,34,high_latency,LOCAL,cpu 20% < 60 and cloud not faster,113.97,1,100.79,222.51,0.0,19.67,82.07,0.0,43.5
2026-05-21 14:35:55,35,high_latency,LOCAL,cpu 16% < 60 and cloud not faster,118.11,1,100.59,223.5,0.0,16.39,81.86,0.0,43.5
2026-05-21 14:35:58,36,high_latency,LOCAL,cpu 10% < 60 and cloud not faster,115.38,1,100.72,223.15,0.0,10.17,81.84,0.0,43.5
2026-05-21 14:36:02,37,high_latency,LOCAL,cpu 25% < 60 and cloud not faster,124.49,1,100.65,216.18,0.0,25.42,81.91,10.6,44.0
2026-05-21 14:36:05,38,high_latency,LOCAL,cpu 40% < 60 and cloud not faster,128.41,1,100.68,223.28,0.0,40.0,82.25,7.4,43.5
2026-05-21 14:36:09,39,high_latency,LOCAL,cpu 20% < 60 and cloud not faster,113.0,1,100.61,223.48,0.0,20.0,82.38,0.0,44.0
2026-05-21 14:36:13,40,high_latency,LOCAL,cpu 29% < 60 and cloud not faster,117.28,1,101.6,218.85,0.0,29.31,82.43,10.4,44.0
2026-05-21 14:36:16,41,high_latency,LOCAL,cpu 15% < 60 and cloud not faster,116.17,1,100.64,221.96,0.0,15.25,82.55,0.0,44.0
2026-05-21 14:36:20,42,high_latency,LOCAL,cpu 23% < 60 and cloud not faster,119.14,1,100.63,223.39,0.0,23.33,82.55,0.0,44.0
2026-05-21 14:36:23,43,high_latency,LOCAL,cpu 32% < 60 and cloud not faster,122.57,1,102.69,223.52,0.0,31.67,82.36,5.9,44.0
2026-05-21 14:36:27,44,high_latency,LOCAL,cpu 21% < 60 and cloud not faster,117.81,1,100.65,223.51,0.0,21.31,82.89,0.0,44.0
2026-05-21 14:36:30,45,high_latency,LOCAL,cpu 32% < 60 and cloud not faster,131.28,1,100.58,223.64,0.0,31.67,82.76,6.3,44.5
2026-05-21 14:36:34,46,high_latency,LOCAL,cpu 11% < 60 and cloud not faster,115.93,1,100.6,223.3,0.0,11.48,82.79,0.0,44.0
2026-05-21 14:36:37,47,high_latency,LOCAL,cpu 10% < 60 and cloud not faster,115.76,1,100.59,223.69,0.0,9.84,82.6,0.0,44.0
2026-05-21 14:36:41,48,high_latency,LOCAL,cpu 12% < 60 and cloud not faster,114.42,1,100.65,222.95,0.0,11.86,82.55,0.0,43.5
2026-05-21 14:36:45,49,high_latency,LOCAL,cpu 15% < 60 and cloud not faster,118.22,1,100.63,221.87,0.0,15.25,82.84,0.0,44.0
2026-05-21 14:36:48,50,high_latency,LOCAL,cpu 14% < 60 and cloud not faster,115.24,1,100.67,223.22,0.0,14.04,82.79,4.7,44.0
2026-05-21 14:36:52,51,high_latency,LOCAL,cpu 18% < 60 and cloud not faster,118.75,1,100.58,223.16,0.0,18.33,82.8,0.0,44.0
2026-05-21 14:36:55,52,high_latency,LOCAL,cpu 18% < 60 and cloud not faster,115.63,1,100.58,223.29,0.0,18.33,82.59,0.0,44.0
2026-05-21 14:36:59,53,high_latency,LOCAL,cpu 12% < 60 and cloud not faster,115.08,1,100.63,223.04,0.0,11.86,82.53,0.0,43.5
2026-05-21 14:37:02,54,high_latency,LOCAL,cpu 18% < 60 and cloud not faster,117.12,1,102.6,223.03,0.0,17.54,82.82,5.2,44.0
2026-05-21 14:37:06,55,high_latency,LOCAL,cpu 12% < 60 and cloud not faster,115.96,1,100.61,223.16,0.0,11.86,82.64,1.3,44.0
2026-05-21 14:37:09,56,high_latency,LOCAL,cpu 14% < 60 and cloud not faster,118.73,1,100.59,223.46,0.0,13.56,82.6,9.1,44.0
2026-05-21 14:37:13,57,high_latency,LOCAL,cpu 15% < 60 and cloud not faster,114.25,1,100.61,223.04,0.0,15.25,82.88,0.0,44.0
2026-05-21 14:37:17,58,high_latency,LOCAL,cpu 17% < 60 and cloud not faster,115.35,1,100.63,223.34,0.0,17.24,82.72,0.0,43.5
2026-05-21 14:37:20,59,high_latency,LOCAL,cpu 15% < 60 and cloud not faster,116.03,1,100.66,223.19,0.0,14.52,82.71,0.0,43.5
2026-05-21 14:37:24,60,high_latency,LOCAL,cpu 12% < 60 and cloud not faster,114.57,1,100.58,223.29,0.0,11.67,82.73,0.0,44.0
2026-05-21 14:37:27,61,high_latency,LOCAL,cpu 15% < 60 and cloud not faster,124.46,1,100.71,223.45,0.0,15.0,82.94,0.0,43.5
2026-05-21 14:37:31,62,high_latency,LOCAL,cpu 8% < 60 and cloud not faster,120.7,1,100.61,223.55,0.0,8.33,82.77,0.0,44.0
2026-05-21 14:37:34,63,high_latency,LOCAL,cpu 17% < 60 and cloud not faster,127.47,1,100.81,223.36,0.0,16.95,82.74,0.0,44.0
2026-05-21 14:37:38,64,high_latency,CLOUD,cpu hot (67% > 60),626.15,1,100.63,223.5,0.0,66.67,82.85,0.0,44.0
2026-05-21 14:37:42,65,high_latency,LOCAL,cpu 18% < 60 and cloud not faster,154.58,1,100.64,223.22,0.0,18.33,82.62,11.2,44.0
2026-05-21 14:37:46,66,high_latency,LOCAL,cpu 22% < 60 and cloud not faster,134.79,1,100.61,223.69,0.0,22.03,82.88,7.2,44.0
2026-05-21 14:37:49,67,high_latency,LOCAL,cpu 21% < 60 and cloud not faster,112.53,1,106.49,223.25,0.0,20.97,82.67,0.0,44.0
2026-05-21 14:37:53,68,high_latency,LOCAL,cpu 18% < 60 and cloud not faster,114.01,1,100.62,223.17,0.0,18.03,82.6,0.0,44.0
2026-05-21 14:37:56,69,high_latency,LOCAL,cpu 13% < 60 and cloud not faster,137.45,1,100.68,220.21,0.0,13.11,82.59,0.0,43.5
2026-05-21 14:38:00,70,high_latency,LOCAL,cpu 13% < 60 and cloud not faster,121.88,1,100.61,223.33,0.0,12.7,82.58,0.0,44.0
2026-05-21 14:38:03,71,high_latency,LOCAL,cpu 19% < 60 and cloud not faster,123.4,1,100.68,222.08,0.0,18.64,82.61,0.0,44.0
2026-05-21 14:38:07,72,high_latency,LOCAL,cpu 12% < 60 and cloud not faster,114.93,1,100.58,219.86,0.0,12.07,82.62,0.0,44.0
2026-05-21 14:38:11,73,high_latency,LOCAL,cpu 15% < 60 and cloud not faster,109.88,1,102.39,220.92,0.0,14.75,82.63,0.0,44.0
2026-05-21 14:38:14,74,high_latency,LOCAL,cpu 17% < 60 and cloud not faster,112.85,1,100.64,223.55,0.0,16.67,83.02,0.0,44.0
2026-05-21 14:38:18,75,high_latency,LOCAL,cpu 23% < 60 and cloud not faster,115.74,1,100.68,221.11,0.0,23.33,82.73,8.9,44.0
2026-05-21 14:38:21,76,high_latency,LOCAL,cpu 17% < 60 and cloud not faster,122.24,1,100.58,223.34,0.0,16.95,82.98,8.6,44.0
2026-05-21 14:38:25,77,high_latency,LOCAL,cpu 12% < 60 and cloud not faster,115.7,1,100.6,223.49,0.0,11.67,82.95,0.0,44.0
2026-05-21 14:38:28,78,high_latency,LOCAL,cpu 38% < 60 and cloud not faster,140.37,1,102.13,215.97,0.0,38.1,83.0,5.5,44.5
2026-05-21 14:38:32,79,high_latency,LOCAL,cpu 10% < 60 and cloud not faster,110.79,1,100.61,223.09,0.0,10.17,82.83,0.0,44.0
2026-05-21 14:38:35,80,high_latency,LOCAL,cpu 14% < 60 and cloud not faster,112.32,1,100.57,223.68,0.0,14.29,82.95,0.0,44.0
2026-05-21 14:38:39,81,high_latency,LOCAL,cpu 15% < 60 and cloud not faster,119.38,1,100.59,223.17,0.0,15.0,82.73,0.0,44.0
2026-05-21 14:38:43,82,high_latency,LOCAL,cpu 38% < 60 and cloud not faster,134.18,1,100.62,223.21,0.0,38.33,82.73,10.0,44.5
2026-05-21 14:38:46,83,high_latency,CLOUD,cpu hot (66% > 60),457.34,1,100.65,223.41,0.0,66.1,82.77,0.0,44.5
2026-05-21 14:38:50,84,high_latency,LOCAL,cpu 18% < 60 and cloud not faster,156.73,1,105.72,223.48,0.0,18.03,83.0,0.0,44.0
2026-05-21 14:38:54,85,high_latency,LOCAL,cpu 14% < 60 and cloud not faster,110.53,1,100.55,223.41,0.0,13.56,82.82,0.0,44.0
2026-05-21 14:38:57,86,high_latency,LOCAL,cpu 17% < 60 and cloud not faster,112.24,1,100.64,223.35,0.0,16.67,82.77,0.0,44.0
2026-05-21 14:39:01,87,high_latency,LOCAL,cpu 16% < 60 and cloud not faster,112.14,1,100.63,223.33,0.0,16.39,82.71,0.0,44.0
2026-05-21 14:39:04,88,high_latency,LOCAL,cpu 12% < 60 and cloud not faster,126.39,1,100.6,222.64,0.0,11.86,82.67,0.0,44.0
2026-05-21 14:39:08,89,high_latency,LOCAL,cpu 10% < 60 and cloud not faster,112.68,1,100.66,223.21,0.0,9.68,82.67,0.0,44.0
2026-05-21 14:39:11,90,high_latency,LOCAL,cpu 29% < 60 and cloud not faster,111.61,1,100.55,223.61,0.0,28.81,82.73,1.3,44.0
2026-05-21 14:39:15,91,high_latency,LOCAL,cpu 20% < 60 and cloud not faster,116.76,1,100.65,223.03,0.0,19.67,82.73,0.0,44.0
2026-05-21 14:39:18,92,high_latency,LOCAL,cpu 11% < 60 and cloud not faster,112.06,1,100.59,223.51,0.0,11.48,83.01,0.0,44.0
2026-05-21 14:39:22,93,high_latency,LOCAL,cpu 23% < 60 and cloud not faster,111.22,1,100.59,221.92,0.0,22.95,83.0,0.0,44.5
2026-05-21 14:39:26,94,high_latency,CLOUD,cpu hot (66% > 60),474.9,1,100.64,221.87,0.0,65.52,82.91,11.0,44.5
2026-05-21 14:39:30,95,high_latency,LOCAL,cpu 16% < 60 and cloud not faster,152.22,1,100.63,222.94,0.0,15.87,82.72,0.0,44.0
2026-05-21 14:39:33,96,high_latency,LOCAL,cpu 12% < 60 and cloud not faster,131.82,1,100.58,223.67,0.0,11.86,82.71,0.0,44.0
2026-05-21 14:39:37,97,high_latency,LOCAL,cpu 12% < 60 and cloud not faster,116.56,1,100.63,220.56,0.0,11.67,82.72,0.0,44.0
2026-05-21 14:39:40,98,high_latency,LOCAL,cpu 16% < 60 and cloud not faster,123.06,1,100.64,223.41,0.0,15.87,82.86,0.0,44.5
2026-05-21 14:39:44,99,high_latency,LOCAL,cpu 11% < 60 and cloud not faster,112.02,1,100.58,223.41,0.0,10.53,82.89,0.0,44.5
2026-05-21 14:39:47,100,high_latency,LOCAL,cpu 31% < 60 and cloud not faster,119.08,1,100.58,223.36,0.0,30.51,83.2,0.7,44.5
2026-05-21 14:39:51,101,high_latency,LOCAL,cpu 10% < 60 and cloud not faster,116.57,1,100.56,223.44,0.0,9.84,83.32,0.0,44.5
2026-05-21 14:39:54,102,high_latency,LOCAL,cpu 30% < 60 and cloud not faster,135.64,1,100.55,223.42,0.0,30.36,83.11,3.0,44.5
2026-05-21 14:39:58,103,high_latency,LOCAL,cpu 16% < 60 and cloud not faster,112.7,1,100.64,223.08,0.0,16.07,83.02,1.3,44.5
2026-05-21 14:40:02,104,high_latency,LOCAL,cpu 14% < 60 and cloud not faster,115.35,1,100.65,222.68,0.0,14.04,82.96,0.0,44.0
2026-05-21 14:40:05,105,high_latency,LOCAL,cpu 12% < 60 and cloud not faster,116.14,1,100.72,222.62,0.0,11.86,82.97,0.0,44.5
2026-05-21 14:40:09,106,high_latency,LOCAL,cpu 17% < 60 and cloud not faster,111.9,1,100.68,223.32,0.0,16.67,82.97,0.0,44.5
2026-05-21 14:40:12,107,high_latency,LOCAL,cpu 15% < 60 and cloud not faster,111.03,1,100.68,222.99,0.0,15.0,82.97,0.0,44.0
2026-05-21 14:40:16,108,high_latency,LOCAL,cpu 9% < 60 and cloud not faster,112.51,1,107.17,222.87,0.0,8.77,83.0,0.0,44.5
2026-05-21 14:40:19,109,high_latency,LOCAL,cpu 19% < 60 and cloud not faster,110.07,1,100.64,223.24,0.0,18.64,83.08,0.0,44.5
2026-05-21 14:40:23,110,high_latency,LOCAL,cpu 10% < 60 and cloud not faster,124.62,1,100.56,222.92,0.0,10.17,82.96,0.0,44.0
2026-05-21 14:40:26,111,high_latency,LOCAL,cpu 20% < 60 and cloud not faster,113.21,1,100.58,223.28,0.0,20.34,82.99,5.5,44.5
2026-05-21 14:40:30,112,high_latency,LOCAL,cpu 34% < 60 and cloud not faster,129.9,1,100.59,223.49,0.0,34.43,82.94,3.9,44.5
2026-05-21 14:40:34,113,high_latency,LOCAL,cpu 2% < 60 and cloud not faster,114.66,1,100.62,219.9,0.0,1.64,83.11,0.0,44.0
2026-05-21 14:40:37,114,high_latency,LOCAL,cpu 20% < 60 and cloud not faster,120.1,1,100.67,223.68,0.0,20.34,83.1,0.0,44.5
2026-05-21 14:40:41,115,high_latency,LOCAL,cpu 2% < 60 and cloud not faster,117.47,1,100.6,223.14,0.0,1.64,83.09,0.0,44.5
2026-05-21 14:40:44,116,high_latency,LOCAL,cpu 14% < 60 and cloud not faster,115.39,1,101.29,219.99,0.0,13.56,83.09,0.0,44.5
2026-05-21 14:40:48,117,high_latency,LOCAL,cpu 16% < 60 and cloud not faster,112.58,1,100.63,223.35,0.0,16.39,83.2,0.0,44.0
2026-05-21 14:40:51,118,high_latency,LOCAL,cpu 19% < 60 and cloud not faster,112.07,1,100.68,223.45,0.0,18.64,83.19,3.8,44.0
2026-05-21 14:40:55,119,high_latency,LOCAL,cpu 18% < 60 and cloud not faster,110.33,1,100.61,217.63,0.0,18.33,83.67,0.0,44.5
2026-05-21 14:40:58,120,high_latency,LOCAL,cpu 8% < 60 and cloud not faster,116.29,1,100.64,222.68,0.0,8.47,83.68,0.0,44.5
2026-05-21 14:41:02,121,high_latency,LOCAL,cpu 42% < 60 and cloud not faster,131.31,1,100.64,222.66,0.0,42.37,83.73,11.0,45.0
2026-05-21 14:41:06,122,high_latency,LOCAL,cpu 28% < 60 and cloud not faster,117.32,1,100.63,216.18,0.0,28.33,83.78,0.6,45.0
2026-05-21 14:41:09,123,high_latency,LOCAL,cpu 43% < 60 and cloud not faster,146.91,1,100.59,223.38,0.0,42.62,83.79,13.0,45.0
2026-05-21 14:41:13,124,high_latency,CLOUD,cpu hot (68% > 60),467.26,1,100.67,222.47,0.0,67.74,83.92,0.0,45.0
2026-05-21 14:41:17,125,high_latency,LOCAL,cpu 25% < 60 and cloud not faster,139.55,1,100.64,223.54,0.0,25.42,83.47,23.7,44.5
2026-05-21 14:41:20,126,high_latency,LOCAL,cpu 24% < 60 and cloud not faster,120.53,1,100.6,223.41,0.0,23.73,83.48,0.0,45.0
2026-05-21 14:41:24,127,high_latency,LOCAL,cpu 25% < 60 and cloud not faster,118.39,1,100.61,223.73,0.0,24.59,83.48,0.0,45.0
2026-05-21 14:41:27,128,high_latency,LOCAL,cpu 19% < 60 and cloud not faster,120.72,1,100.55,223.56,0.0,18.64,83.54,0.0,45.0
2026-05-21 14:41:31,129,high_latency,LOCAL,cpu 27% < 60 and cloud not faster,120.24,1,100.62,223.53,0.0,26.67,83.53,0.6,45.0
2026-05-21 14:41:35,130,high_latency,LOCAL,cpu 25% < 60 and cloud not faster,115.01,1,100.59,223.47,0.0,25.42,83.66,0.0,45.0
2026-05-21 14:41:38,131,high_latency,LOCAL,cpu 25% < 60 and cloud not faster,112.43,1,100.65,223.63,0.0,25.42,84.09,0.0,45.0
2026-05-21 14:41:42,132,high_latency,LOCAL,cpu 25% < 60 and cloud not faster,112.17,1,100.6,223.46,0.0,25.0,83.76,0.0,45.0
2026-05-21 14:41:45,133,high_latency,LOCAL,cpu 28% < 60 and cloud not faster,113.95,1,100.57,223.45,0.0,27.87,83.75,0.0,45.0
2026-05-21 14:41:49,134,high_latency,LOCAL,cpu 20% < 60 and cloud not faster,116.93,1,100.65,223.63,0.0,20.34,83.77,0.0,45.0
2026-05-21 14:41:52,135,high_latency,LOCAL,cpu 26% < 60 and cloud not faster,113.35,1,100.6,223.71,0.0,26.23,83.8,0.0,45.0
2026-05-21 14:41:56,136,high_latency,LOCAL,cpu 16% < 60 and cloud not faster,117.63,1,100.61,223.0,0.0,15.52,83.59,4.7,45.0
2026-05-21 14:41:59,137,high_latency,LOCAL,cpu 29% < 60 and cloud not faster,117.98,1,100.6,223.39,0.0,28.81,83.72,5.8,45.0
2026-05-21 14:42:03,138,high_latency,LOCAL,cpu 26% < 60 and cloud not faster,116.93,1,100.58,223.72,0.0,26.32,83.73,10.9,45.0
2026-05-21 14:42:06,139,high_latency,LOCAL,cpu 12% < 60 and cloud not faster,113.39,1,100.62,223.14,0.0,11.67,83.72,0.0,45.0
2026-05-21 14:42:10,140,high_latency,LOCAL,cpu 13% < 60 and cloud not faster,112.7,1,100.61,222.92,0.0,13.11,83.67,0.0,45.0
2026-05-21 14:42:14,141,high_latency,LOCAL,cpu 15% < 60 and cloud not faster,130.58,1,100.64,222.87,0.0,14.75,83.63,0.0,45.0
2026-05-21 14:42:17,142,high_latency,LOCAL,cpu 10% < 60 and cloud not faster,115.76,1,101.67,223.05,0.0,10.0,83.42,0.0,44.5
2026-05-21 14:42:21,143,high_latency,LOCAL,cpu 15% < 60 and cloud not faster,116.09,1,100.63,223.22,0.0,14.75,83.77,0.0,45.0
2026-05-21 14:42:24,144,high_latency,LOCAL,cpu 16% < 60 and cloud not faster,125.73,1,100.64,223.31,0.0,16.39,83.75,0.0,44.5
2026-05-21 14:42:28,145,high_latency,LOCAL,cpu 8% < 60 and cloud not faster,115.44,1,100.59,223.41,0.0,8.33,83.5,0.0,44.5
2026-05-21 14:42:31,146,high_latency,LOCAL,cpu 11% < 60 and cloud not faster,113.36,1,100.69,222.2,0.0,10.53,83.48,0.0,45.0
2026-05-21 14:42:35,147,high_latency,LOCAL,cpu 16% < 60 and cloud not faster,116.96,1,100.64,222.7,0.0,16.39,83.5,0.0,44.5
2026-05-21 14:42:38,148,high_latency,LOCAL,cpu 10% < 60 and cloud not faster,124.89,1,100.62,223.39,0.0,9.84,83.77,0.0,44.5
2026-05-21 14:42:42,149,high_latency,LOCAL,cpu 12% < 60 and cloud not faster,116.01,1,101.14,220.44,0.0,11.67,83.53,0.0,44.5
2026-05-21 14:42:46,150,high_latency,LOCAL,cpu 12% < 60 and cloud not faster,117.32,1,100.61,223.17,0.0,11.67,83.58,0.0,44.5
2026-05-21 14:46:38,1,cpu_stress,LOCAL,cpu 52% < 60 and cloud not faster,5349.06,1,0.57,1134.58,0.0,52.46,70.99,0.0,45.0
2026-05-21 14:46:40,2,cpu_stress,CLOUD,cpu hot (67% > 60),182.01,1,0.56,1133.98,0.0,66.67,83.51,0.0,45.5
2026-05-21 14:46:43,3,cpu_stress,CLOUD,cpu hot (66% > 60),60.11,1,0.58,1133.98,0.0,66.1,81.77,0.0,45.5
2026-05-21 14:46:46,4,cpu_stress,LOCAL,cpu 58% < 60 and cloud not faster,204.7,1,0.57,1133.95,0.0,57.63,81.5,0.0,45.0
2026-05-21 14:46:48,5,cpu_stress,CLOUD,cpu hot (66% > 60),56.56,1,0.59,1132.65,0.0,65.57,81.5,0.0,45.5
2026-05-21 14:46:51,6,cpu_stress,CLOUD,cpu hot (67% > 60),57.6,1,0.52,1090.15,0.0,66.67,81.5,0.0,45.5
2026-05-21 14:46:53,7,cpu_stress,CLOUD,cpu hot (67% > 60),57.42,1,0.55,1135.04,0.0,67.21,81.5,7.5,45.5
2026-05-21 14:46:56,8,cpu_stress,LOCAL,cpu 51% < 60 and cloud not faster,224.88,1,0.54,1134.86,0.0,50.85,81.57,0.0,45.5
2026-05-21 14:46:59,9,cpu_stress,LOCAL,cpu 54% < 60 and cloud not faster,184.82,1,0.57,1135.08,0.0,54.24,81.52,0.0,45.5
2026-05-21 14:47:01,10,cpu_stress,LOCAL,cpu 52% < 60 and cloud not faster,196.31,1,0.57,1117.21,0.0,51.61,81.52,0.0,45.5
2026-05-21 14:47:04,11,cpu_stress,CLOUD,cpu hot (65% > 60),78.25,1,0.59,1134.97,0.0,65.0,81.51,0.0,45.5
2026-05-21 14:47:07,12,cpu_stress,LOCAL,cpu 52% < 60 and cloud not faster,195.65,1,0.51,1118.59,0.0,51.67,81.52,0.0,45.5
2026-05-21 14:47:09,13,cpu_stress,LOCAL,cpu 50% < 60 and cloud not faster,175.86,1,0.57,1134.73,0.0,50.0,81.53,0.0,45.5
2026-05-21 14:47:12,14,cpu_stress,LOCAL,cpu 51% < 60 and cloud not faster,140.77,1,0.5,1134.51,0.0,50.82,81.67,0.0,45.5
2026-05-21 14:47:14,15,cpu_stress,LOCAL,cpu 52% < 60 and cloud not faster,120.17,1,0.54,1133.82,0.0,51.67,81.65,0.0,46.0
2026-05-21 14:47:17,16,cpu_stress,CLOUD,cpu hot (63% > 60),75.22,1,0.56,1116.96,0.0,62.9,81.57,0.0,46.0
2026-05-21 14:47:20,17,cpu_stress,LOCAL,cpu 50% < 60 and cloud not faster,166.87,1,0.58,1133.87,0.0,50.0,81.56,0.0,46.0
2026-05-21 14:47:22,18,cpu_stress,LOCAL,cpu 51% < 60 and cloud not faster,135.25,1,0.56,1088.76,0.0,50.85,81.56,0.0,45.5
2026-05-21 14:47:25,19,cpu_stress,LOCAL,cpu 59% < 60 and cloud not faster,120.48,1,0.58,1133.94,0.0,59.32,81.55,0.0,46.0
2026-05-21 14:47:27,20,cpu_stress,LOCAL,cpu 53% < 60 and cloud not faster,120.16,1,0.59,1111.26,0.0,52.54,81.56,0.0,46.0
2026-05-21 14:47:30,21,cpu_stress,LOCAL,cpu 58% < 60 and cloud not faster,178.54,1,0.54,1132.82,0.0,57.63,81.57,5.3,46.0
2026-05-21 14:47:33,22,cpu_stress,LOCAL,cpu 51% < 60 and cloud not faster,124.48,1,0.51,1134.59,0.0,50.85,81.55,0.0,46.0
2026-05-21 14:47:35,23,cpu_stress,LOCAL,cpu 51% < 60 and cloud not faster,126.11,1,0.55,1133.98,0.0,50.85,81.55,0.0,46.0
2026-05-21 14:47:38,24,cpu_stress,CLOUD,cpu hot (67% > 60),163.7,1,0.57,1134.27,0.0,66.67,82.17,0.0,46.0
2026-05-21 14:47:41,25,cpu_stress,CLOUD,cpu hot (67% > 60),61.82,1,0.56,1132.7,0.0,67.21,82.18,0.0,46.5
2026-05-21 14:47:43,26,cpu_stress,CLOUD,cpu hot (66% > 60),76.19,1,0.58,1133.25,0.0,66.1,82.19,0.0,46.5
2026-05-21 14:47:46,27,cpu_stress,CLOUD,cpu hot (66% > 60),80.24,1,0.58,1133.9,0.0,65.57,82.18,0.0,46.5
2026-05-21 14:47:48,28,cpu_stress,CLOUD,cpu hot (66% > 60),61.81,1,0.59,1133.61,0.0,66.1,82.19,0.0,46.5
2026-05-21 14:47:51,29,cpu_stress,CLOUD,cpu hot (67% > 60),74.62,1,0.59,1126.22,0.0,67.21,82.19,0.0,46.5
2026-05-21 14:47:54,30,cpu_stress,CLOUD,cpu hot (67% > 60),96.6,1,0.59,1133.1,0.0,66.67,82.19,0.0,47.0
2026-05-21 14:47:56,31,cpu_stress,CLOUD,cpu hot (67% > 60),79.01,1,0.56,1133.03,0.0,66.67,82.18,0.0,46.5
2026-05-21 14:47:59,32,cpu_stress,CLOUD,cpu hot (66% > 60),64.47,1,0.6,1133.19,0.0,65.57,82.21,0.0,47.0
2026-05-21 14:48:02,33,cpu_stress,CLOUD,cpu hot (67% > 60),60.58,1,0.56,1132.47,0.0,66.67,82.2,0.0,47.0
2026-05-21 14:48:04,34,cpu_stress,CLOUD,cpu hot (66% > 60),88.31,1,0.53,1133.45,0.0,66.1,82.18,0.0,47.0
2026-05-21 14:48:07,35,cpu_stress,CLOUD,cpu hot (66% > 60),90.07,1,0.55,1133.24,0.0,65.67,82.2,0.0,47.0
2026-05-21 14:48:10,36,cpu_stress,CLOUD,cpu hot (66% > 60),91.43,1,0.58,1132.23,0.0,65.57,82.19,0.0,47.0
2026-05-21 14:48:12,37,cpu_stress,CLOUD,cpu hot (66% > 60),79.08,1,0.53,1125.94,0.0,65.57,82.19,0.0,47.0
2026-05-21 14:48:15,38,cpu_stress,CLOUD,cpu hot (67% > 60),73.58,1,0.54,1131.83,0.0,66.67,82.2,0.0,47.0
2026-05-21 14:48:17,39,cpu_stress,CLOUD,cpu hot (66% > 60),58.63,1,0.6,1124.95,0.0,66.1,82.2,0.0,47.0
2026-05-21 14:48:20,40,cpu_stress,CLOUD,cpu hot (66% > 60),70.41,1,4.49,1133.8,0.0,66.1,82.21,0.0,47.0
2026-05-21 14:48:23,41,cpu_stress,CLOUD,cpu hot (68% > 60),57.82,1,8.92,1085.22,0.0,68.25,82.2,0.0,47.0
2026-05-21 14:48:25,42,cpu_stress,CLOUD,cpu hot (66% > 60),75.29,1,0.54,1133.15,0.0,65.57,82.21,0.0,47.0
2026-05-21 14:48:28,43,cpu_stress,CLOUD,cpu hot (66% > 60),89.91,1,0.56,1126.14,0.0,66.1,82.21,0.0,47.5
2026-05-21 14:48:31,44,cpu_stress,CLOUD,cpu hot (67% > 60),64.0,1,0.54,1133.78,0.0,67.21,82.23,0.0,47.5
2026-05-21 14:48:33,45,cpu_stress,CLOUD,cpu hot (67% > 60),62.14,1,0.6,1126.55,0.0,66.67,82.21,0.0,47.5
2026-05-21 14:48:36,46,cpu_stress,CLOUD,cpu hot (66% > 60),76.55,1,0.58,1133.3,0.0,66.1,82.21,0.0,47.5
2026-05-21 14:48:39,47,cpu_stress,CLOUD,cpu hot (67% > 60),60.5,1,0.54,1130.59,0.0,66.67,82.22,6.0,47.5
2026-05-21 14:48:41,48,cpu_stress,CLOUD,cpu hot (67% > 60),61.9,1,0.55,1128.43,0.0,67.21,82.2,0.0,47.5
2026-05-21 14:48:44,49,cpu_stress,CLOUD,cpu hot (67% > 60),64.74,1,0.59,1132.15,0.0,66.67,82.21,0.0,47.5
2026-05-21 14:48:46,50,cpu_stress,CLOUD,cpu hot (67% > 60),61.23,1,0.58,1129.14,0.0,66.67,82.21,3.0,48.0
2026-05-21 14:48:49,51,cpu_stress,CLOUD,cpu hot (67% > 60),77.94,1,0.56,1132.92,0.0,66.67,82.58,0.0,48.0
2026-05-21 14:48:52,52,cpu_stress,CLOUD,cpu hot (65% > 60),71.27,1,0.6,1133.37,0.0,65.0,83.18,3.0,48.0
2026-05-21 14:48:54,53,cpu_stress,CLOUD,cpu hot (66% > 60),92.75,1,0.53,1133.65,0.0,66.1,83.33,0.0,48.0
2026-05-21 14:48:57,54,cpu_stress,CLOUD,cpu hot (67% > 60),62.66,1,0.63,1132.38,0.0,67.21,83.8,9.4,48.0
2026-05-21 14:49:00,55,cpu_stress,CLOUD,cpu hot (66% > 60),67.51,1,0.59,1131.68,0.0,66.1,84.36,0.0,47.5
2026-05-21 14:49:02,56,cpu_stress,CLOUD,cpu hot (68% > 60),64.4,1,0.6,1118.66,0.0,67.74,82.42,0.0,48.0
2026-05-21 14:49:05,57,cpu_stress,CLOUD,cpu hot (67% > 60),75.87,1,0.6,1132.65,0.0,66.67,82.27,0.0,48.0
2026-05-21 14:49:08,58,cpu_stress,CLOUD,cpu hot (66% > 60),79.7,1,0.59,1133.29,0.0,66.13,82.54,14.7,48.0
2026-05-21 14:49:10,59,cpu_stress,CLOUD,cpu hot (67% > 60),70.05,1,0.61,1132.17,0.0,66.67,82.62,37.1,48.0
2026-05-21 14:49:13,60,cpu_stress,CLOUD,cpu hot (66% > 60),79.13,1,0.63,1130.51,0.0,65.52,82.74,9.1,48.0
2026-05-21 14:49:15,61,cpu_stress,CLOUD,cpu hot (67% > 60),89.7,1,0.54,1100.86,0.0,66.67,83.79,9.9,48.0
2026-05-21 14:49:18,62,cpu_stress,CLOUD,cpu hot (67% > 60),63.13,1,0.59,1132.24,0.0,67.21,83.7,0.0,48.0
2026-05-21 14:49:21,63,cpu_stress,CLOUD,cpu hot (67% > 60),67.88,1,0.59,1106.01,0.0,66.67,83.52,0.0,48.5
2026-05-21 14:49:23,64,cpu_stress,CLOUD,cpu hot (67% > 60),83.37,1,5.37,995.81,0.0,67.19,83.44,0.0,48.0
2026-05-21 14:49:26,65,cpu_stress,CLOUD,cpu hot (66% > 60),65.2,1,0.57,1130.59,0.0,66.1,84.38,0.0,48.5
2026-05-21 14:49:29,66,cpu_stress,CLOUD,cpu hot (67% > 60),78.61,1,0.57,1133.76,0.0,66.67,84.36,14.6,48.5
2026-05-21 14:49:31,67,cpu_stress,CLOUD,cpu hot (67% > 60),65.58,1,0.6,1118.45,0.0,67.21,84.4,23.1,48.5
2026-05-21 14:49:34,68,cpu_stress,CLOUD,cpu hot (67% > 60),64.74,1,0.59,1114.98,0.0,66.67,84.41,36.6,48.5
2026-05-21 14:49:37,69,cpu_stress,CLOUD,cpu hot (66% > 60),68.14,1,0.6,1133.58,0.0,66.1,84.38,0.0,48.5
2026-05-21 14:49:39,70,cpu_stress,CLOUD,cpu hot (65% > 60),78.64,1,0.59,1132.84,0.0,65.0,84.38,11.5,48.5
2026-05-21 14:49:42,71,cpu_stress,CLOUD,cpu hot (67% > 60),70.45,1,0.56,1133.25,0.0,66.67,84.46,36.9,48.5
2026-05-21 14:49:45,72,cpu_stress,CLOUD,cpu hot (66% > 60),62.97,1,0.54,1133.22,0.0,66.1,84.4,23.8,48.5
2026-05-21 14:49:47,73,cpu_stress,CLOUD,cpu hot (66% > 60),71.6,1,0.57,1133.93,0.0,66.1,84.41,0.0,48.5
2026-05-21 14:49:50,74,cpu_stress,CLOUD,cpu hot (67% > 60),59.11,1,0.56,1130.21,0.0,66.67,84.41,0.0,49.0
2026-05-21 14:49:53,75,cpu_stress,CLOUD,cpu hot (67% > 60),85.22,1,0.55,1125.61,0.0,66.67,84.41,0.0,48.5
2026-05-21 14:49:55,76,cpu_stress,CLOUD,cpu hot (67% > 60),89.03,1,0.54,1134.61,0.0,66.67,84.41,0.0,48.5
2026-05-21 14:49:58,77,cpu_stress,CLOUD,cpu hot (67% > 60),63.43,1,0.58,1127.32,0.0,66.67,84.41,0.0,49.0
2026-05-21 14:50:01,78,cpu_stress,CLOUD,cpu hot (66% > 60),75.2,1,0.57,1120.67,0.0,66.1,84.41,0.0,49.0
2026-05-21 14:50:03,79,cpu_stress,CLOUD,cpu hot (67% > 60),64.46,1,0.55,1133.57,0.0,67.21,84.41,0.0,49.0
2026-05-21 14:50:06,80,cpu_stress,CLOUD,cpu hot (67% > 60),64.24,1,0.52,1119.27,0.0,66.67,84.39,4.6,49.0
2026-05-21 14:50:08,81,cpu_stress,CLOUD,cpu hot (68% > 60),68.21,1,0.56,1133.0,0.0,67.74,84.54,0.0,49.0
2026-05-21 14:50:11,82,cpu_stress,CLOUD,cpu hot (66% > 60),61.45,1,0.6,1123.52,0.0,66.1,84.47,15.9,49.0
2026-05-21 14:50:14,83,cpu_stress,CLOUD,cpu hot (66% > 60),74.58,1,0.55,1084.94,0.0,66.1,84.49,21.3,49.0
2026-05-21 14:50:16,84,cpu_stress,CLOUD,cpu hot (67% > 60),67.39,1,0.59,1125.37,0.0,67.21,84.48,21.5,49.0
2026-05-21 14:50:19,85,cpu_stress,CLOUD,cpu hot (66% > 60),66.9,1,0.58,1131.64,0.0,65.57,84.37,0.0,49.0
2026-05-21 14:50:22,86,cpu_stress,CLOUD,cpu hot (66% > 60),85.76,1,0.58,1123.12,0.0,66.1,84.37,0.0,49.0
2026-05-21 14:50:24,87,cpu_stress,CLOUD,cpu hot (66% > 60),65.41,1,0.56,1134.88,0.0,66.1,84.36,0.0,49.5
2026-05-21 14:50:27,88,cpu_stress,CLOUD,cpu hot (67% > 60),96.17,1,0.56,1133.91,0.0,66.67,84.36,0.0,49.5
2026-05-21 14:50:29,89,cpu_stress,CLOUD,cpu hot (66% > 60),79.72,1,0.58,1134.97,0.0,66.1,84.43,25.8,49.5
2026-05-21 14:50:32,90,cpu_stress,CLOUD,cpu hot (67% > 60),79.48,1,0.58,1116.15,0.0,67.21,84.37,26.2,49.0
2026-05-21 14:50:35,91,cpu_stress,CLOUD,cpu hot (67% > 60),72.82,1,0.61,1131.32,0.0,66.67,84.35,28.1,49.0
2026-05-21 14:50:38,92,cpu_stress,CLOUD,cpu hot (66% > 60),75.36,1,0.6,1133.91,0.0,66.1,84.33,0.0,49.0
2026-05-21 14:50:40,93,cpu_stress,CLOUD,cpu hot (67% > 60),66.71,1,0.6,1117.85,0.0,66.67,84.33,0.0,49.0
2026-05-21 14:50:43,94,cpu_stress,CLOUD,cpu hot (67% > 60),83.24,1,0.56,1133.09,0.0,66.67,84.32,6.6,49.0
2026-05-21 14:50:45,95,cpu_stress,CLOUD,cpu hot (66% > 60),90.47,1,0.58,1133.05,0.0,65.57,84.44,0.0,49.0
2026-05-21 14:50:48,96,cpu_stress,CLOUD,cpu hot (67% > 60),56.33,1,0.58,1129.4,0.0,67.21,84.25,39.6,48.5
2026-05-21 14:50:51,97,cpu_stress,CLOUD,cpu hot (67% > 60),79.13,1,0.58,1126.91,0.0,67.21,83.78,23.1,48.5
2026-05-21 14:50:53,98,cpu_stress,CLOUD,cpu hot (66% > 60),57.79,1,0.59,1122.29,0.0,66.1,83.76,0.0,48.5
2026-05-21 14:50:56,99,cpu_stress,CLOUD,cpu hot (66% > 60),75.1,1,0.51,1132.46,0.0,66.1,83.85,18.1,48.5
2026-05-21 14:50:59,100,cpu_stress,CLOUD,cpu hot (67% > 60),58.17,1,0.61,1132.78,0.0,66.67,83.78,13.9,48.5
2026-05-21 14:51:01,101,cpu_stress,CLOUD,cpu hot (67% > 60),62.22,1,0.58,1129.81,0.0,66.67,83.77,23.9,48.5
2026-05-21 14:51:04,102,cpu_stress,CLOUD,cpu hot (67% > 60),70.33,1,0.52,1130.27,0.0,66.67,83.84,19.6,48.5
2026-05-21 14:51:07,103,cpu_stress,CLOUD,cpu hot (66% > 60),70.46,1,0.54,1131.46,0.0,66.1,83.78,0.0,48.5
2026-05-21 14:51:09,104,cpu_stress,CLOUD,cpu hot (66% > 60),69.0,1,0.57,1133.37,0.0,66.1,83.76,0.0,48.5
2026-05-21 14:51:12,105,cpu_stress,CLOUD,cpu hot (67% > 60),73.25,1,0.59,1125.62,0.0,66.67,83.82,0.0,48.5
2026-05-21 14:51:15,106,cpu_stress,CLOUD,cpu hot (67% > 60),65.67,1,0.56,1133.28,0.0,66.67,83.82,0.0,48.0
2026-05-21 14:51:17,107,cpu_stress,CLOUD,cpu hot (66% > 60),75.7,1,0.52,1130.73,0.0,66.1,83.98,0.0,48.5
2026-05-21 14:51:20,108,cpu_stress,CLOUD,cpu hot (67% > 60),117.43,1,0.58,1123.22,0.0,67.21,84.27,1.3,48.5
2026-05-21 14:51:23,109,cpu_stress,CLOUD,cpu hot (66% > 60),74.37,1,0.57,1131.39,0.0,66.1,84.34,0.0,48.0
2026-05-21 14:51:25,110,cpu_stress,CLOUD,cpu hot (66% > 60),84.49,1,0.55,1108.12,0.0,66.1,84.35,12.4,48.0
2026-05-21 14:51:28,111,cpu_stress,CLOUD,cpu hot (67% > 60),71.82,1,0.54,1132.85,0.0,66.67,84.33,0.0,48.0
2026-05-21 14:51:31,112,cpu_stress,CLOUD,cpu hot (66% > 60),72.75,1,0.61,1132.56,0.0,66.1,84.34,23.0,48.0
2026-05-21 14:51:33,113,cpu_stress,CLOUD,cpu hot (66% > 60),73.65,1,0.58,1125.49,0.0,66.1,84.41,0.0,47.5
2026-05-21 14:51:36,114,cpu_stress,CLOUD,cpu hot (66% > 60),70.06,1,0.59,1133.57,0.0,66.1,84.4,0.0,48.0
2026-05-21 14:51:39,115,cpu_stress,CLOUD,cpu hot (67% > 60),63.85,1,0.57,1127.82,0.0,67.21,84.39,0.0,48.0
2026-05-21 14:51:41,116,cpu_stress,CLOUD,cpu hot (67% > 60),61.91,1,0.52,1132.45,0.0,66.67,84.43,0.0,47.5
2026-05-21 14:51:44,117,cpu_stress,CLOUD,cpu hot (67% > 60),87.04,1,0.58,1124.36,0.0,66.67,84.48,0.0,47.5
2026-05-21 14:51:46,118,cpu_stress,CLOUD,cpu hot (67% > 60),71.42,1,0.52,1133.61,0.0,66.67,84.68,0.0,48.0
2026-05-21 14:51:49,119,cpu_stress,CLOUD,cpu hot (66% > 60),92.02,1,0.57,1122.72,0.0,66.1,84.81,18.4,48.0
2026-05-21 14:51:52,120,cpu_stress,CLOUD,cpu hot (67% > 60),74.49,1,0.53,1123.45,0.0,67.21,84.71,8.5,48.0
2026-05-21 14:51:55,121,cpu_stress,CLOUD,cpu hot (67% > 60),65.81,1,0.56,1128.8,0.0,67.21,84.83,0.0,48.0
2026-05-21 14:51:57,122,cpu_stress,CLOUD,cpu hot (68% > 60),67.13,1,0.54,1116.08,0.0,68.25,84.77,16.5,47.5
2026-05-21 14:52:00,123,cpu_stress,CLOUD,cpu hot (66% > 60),75.02,1,0.54,1112.95,0.0,66.1,84.79,17.1,48.0
2026-05-21 14:52:03,124,cpu_stress,CLOUD,cpu hot (67% > 60),104.42,1,0.55,1133.8,0.0,66.67,84.81,0.0,47.5
2026-05-21 14:52:05,125,cpu_stress,CLOUD,cpu hot (66% > 60),81.87,1,0.55,1132.35,0.0,65.57,84.87,20.5,47.5
2026-05-21 14:52:08,126,cpu_stress,CLOUD,cpu hot (67% > 60),92.46,1,0.58,1133.22,0.0,66.67,84.93,15.7,47.5
2026-05-21 14:52:10,127,cpu_stress,CLOUD,cpu hot (66% > 60),69.96,1,0.57,1132.55,0.0,65.57,85.06,0.0,47.5
2026-05-21 14:52:13,128,cpu_stress,CLOUD,cpu hot (67% > 60),66.82,1,0.59,1131.63,0.0,66.67,85.02,15.8,47.0
2026-05-21 14:52:16,129,cpu_stress,CLOUD,cpu hot (67% > 60),71.88,1,0.53,1133.67,0.0,67.21,84.91,0.0,47.5
2026-05-21 14:52:19,130,cpu_stress,CLOUD,cpu hot (65% > 60),83.95,1,0.57,1111.44,0.0,65.0,84.92,24.4,47.0
2026-05-21 14:52:21,131,cpu_stress,CLOUD,cpu hot (67% > 60),65.85,1,0.54,1131.85,0.0,66.67,84.95,10.6,47.0
2026-05-21 14:52:24,132,cpu_stress,CLOUD,cpu hot (66% > 60),80.85,1,0.59,1124.94,0.0,65.57,84.96,3.3,47.0
2026-05-21 14:52:27,133,cpu_stress,CLOUD,cpu hot (66% > 60),76.28,1,0.58,1132.86,0.0,66.1,84.94,0.0,47.0
2026-05-21 14:52:29,134,cpu_stress,CLOUD,cpu hot (66% > 60),77.51,1,0.9,1130.64,0.0,66.1,84.93,16.9,47.0
2026-05-21 14:52:32,135,cpu_stress,CLOUD,cpu hot (67% > 60),77.54,1,0.59,1120.88,0.0,67.21,84.94,0.0,47.0
2026-05-21 14:52:35,136,cpu_stress,CLOUD,cpu hot (67% > 60),73.6,1,0.57,1115.64,0.0,67.21,84.99,0.0,47.0
2026-05-21 14:52:37,137,cpu_stress,CLOUD,cpu hot (67% > 60),97.05,1,0.58,1133.01,0.0,67.21,85.0,17.6,47.0
2026-05-21 14:52:40,138,cpu_stress,CLOUD,cpu hot (66% > 60),66.38,1,0.58,1124.96,0.0,66.1,85.04,3.0,47.0
2026-05-21 14:52:43,139,cpu_stress,CLOUD,cpu hot (67% > 60),54.19,1,0.52,1103.06,0.0,66.67,85.38,17.2,47.0
2026-05-21 14:52:45,140,cpu_stress,CLOUD,cpu hot (66% > 60),49.45,1,0.59,1107.89,0.0,66.1,85.41,0.0,47.0
2026-05-21 14:52:48,141,cpu_stress,CLOUD,cpu hot (66% > 60),75.85,1,0.53,1133.9,0.0,65.52,85.25,0.0,47.0
2026-05-21 14:52:51,142,cpu_stress,CLOUD,cpu hot (67% > 60),77.02,1,0.56,1133.61,0.0,66.67,85.22,0.0,46.5
2026-05-21 14:52:53,143,cpu_stress,CLOUD,cpu hot (67% > 60),69.16,1,0.6,1125.72,0.0,66.67,85.22,0.0,46.5
2026-05-21 14:52:56,144,cpu_stress,CLOUD,cpu hot (66% > 60),73.01,1,0.59,1132.16,0.0,66.1,85.22,0.0,46.5
2026-05-21 14:52:58,145,cpu_stress,CLOUD,cpu hot (67% > 60),100.85,1,0.58,1125.23,0.0,66.67,85.23,0.0,47.0
2026-05-21 14:53:01,146,cpu_stress,CLOUD,cpu hot (66% > 60),83.28,1,0.55,1130.38,0.0,65.57,85.24,0.0,47.0
2026-05-21 14:53:04,147,cpu_stress,CLOUD,cpu hot (67% > 60),103.56,1,0.56,1117.72,0.0,67.21,85.31,15.9,46.5
2026-05-21 14:53:06,148,cpu_stress,CLOUD,cpu hot (67% > 60),64.94,1,0.53,1131.59,0.0,66.67,85.3,0.0,46.5
2026-05-21 14:53:09,149,cpu_stress,CLOUD,cpu hot (66% > 60),64.43,1,0.56,1117.66,0.0,65.57,85.26,23.4,47.0
2026-05-21 14:53:12,150,cpu_stress,CLOUD,cpu hot (67% > 60),52.38,1,0.57,1133.42,0.0,66.67,85.31,0.0,46.5
2026-05-21 15:39:50,1,packet_loss,LOCAL,cpu 49% < 60 and cloud not faster,4189.07,1,27.54,1129.47,0.0,49.18,65.76,0.0,40.0
2026-05-21 15:39:53,2,packet_loss,LOCAL,cpu 15% < 60 and cloud not faster,117.09,1,0.68,205.01,0.0,14.52,77.68,0.0,40.0
2026-05-21 15:39:56,3,packet_loss,LOCAL,cpu 16% < 60 and cloud not faster,108.39,1,0.65,1126.21,0.0,16.39,77.75,0.0,40.0
2026-05-21 15:40:00,4,packet_loss,LOCAL,loss 33.0% >= 5.0,109.78,1,0.7,1120.05,33.0,13.33,77.76,0.0,40.0
2026-05-21 15:40:02,5,packet_loss,LOCAL,cpu 13% < 60 and cloud not faster,110.67,1,0.74,1122.73,0.0,12.9,77.81,0.0,40.0
2026-05-21 15:40:05,6,packet_loss,LOCAL,cpu 12% < 60 and cloud not faster,114.12,1,0.84,1126.61,0.0,11.67,77.82,0.0,40.0
2026-05-21 15:40:07,7,packet_loss,LOCAL,cpu 19% < 60 and cloud not faster,115.39,1,0.92,1111.55,0.0,18.75,77.83,0.0,40.5
2026-05-21 15:40:10,8,packet_loss,LOCAL,cpu 11% < 60 and cloud not faster,113.11,1,0.84,1124.81,0.0,11.48,77.85,0.0,40.0
2026-05-21 15:40:14,9,packet_loss,LOCAL,loss 100.0% >= 5.0,108.86,1,0.0,1124.69,100.0,15.0,77.96,0.0,40.5
2026-05-21 15:40:16,10,packet_loss,LOCAL,cpu 13% < 60 and cloud not faster,109.5,1,0.82,1129.05,0.0,13.33,77.99,0.0,40.0
2026-05-21 15:40:19,11,packet_loss,LOCAL,cpu 10% < 60 and cloud not faster,111.63,1,0.72,1122.26,0.0,10.0,78.01,0.0,40.5
2026-05-21 15:40:21,12,packet_loss,LOCAL,cpu 10% < 60 and cloud not faster,108.37,1,0.87,1106.32,0.0,10.17,78.04,0.0,40.5
2026-05-21 15:40:24,13,packet_loss,LOCAL,cpu 10% < 60 and cloud not faster,111.22,1,0.75,1124.5,0.0,10.0,78.05,0.0,40.5
2026-05-21 15:40:26,14,packet_loss,LOCAL,cpu 13% < 60 and cloud not faster,109.67,1,0.78,1129.32,0.0,13.33,78.07,0.0,40.0
2026-05-21 15:40:29,15,packet_loss,LOCAL,cpu 11% < 60 and cloud not faster,111.59,1,0.87,1108.7,0.0,11.48,77.87,0.0,40.5
2026-05-21 15:40:32,16,packet_loss,LOCAL,cpu 14% < 60 and cloud not faster,124.45,1,0.72,1124.56,0.0,13.56,77.98,0.0,40.5
2026-05-21 15:40:34,17,packet_loss,LOCAL,cpu 8% < 60 and cloud not faster,112.36,1,0.68,1118.14,0.0,8.47,78.18,0.0,40.5
2026-05-21 15:40:38,18,packet_loss,LOCAL,loss 33.0% >= 5.0,112.1,1,0.73,1129.08,33.0,10.17,78.13,0.0,40.5
2026-05-21 15:40:41,19,packet_loss,LOCAL,loss 33.0% >= 5.0,110.58,1,0.61,1107.2,33.0,13.33,78.21,0.0,40.5
2026-05-21 15:40:44,20,packet_loss,LOCAL,cpu 12% < 60 and cloud not faster,110.79,1,0.76,1120.82,0.0,11.67,78.16,0.0,40.5
2026-05-21 15:40:46,21,packet_loss,LOCAL,cpu 7% < 60 and cloud not faster,110.14,1,0.88,1133.05,0.0,6.9,77.98,0.0,40.5
2026-05-21 15:40:49,22,packet_loss,LOCAL,cpu 13% < 60 and cloud not faster,110.8,1,0.74,1131.67,0.0,12.7,78.01,0.0,40.5
2026-05-21 15:40:52,23,packet_loss,LOCAL,cpu 12% < 60 and cloud not faster,109.93,1,0.81,1112.29,0.0,11.86,78.11,0.0,40.5
2026-05-21 15:40:54,24,packet_loss,LOCAL,cpu 13% < 60 and cloud not faster,123.98,1,0.83,1110.58,0.0,13.33,78.13,0.0,40.5
2026-05-21 15:40:57,25,packet_loss,LOCAL,cpu 15% < 60 and cloud not faster,110.73,1,0.72,1127.02,0.0,14.75,78.15,0.6,40.5
2026-05-21 15:40:59,26,packet_loss,LOCAL,cpu 21% < 60 and cloud not faster,110.71,1,0.79,1111.49,0.0,20.97,78.16,1.1,40.5
2026-05-21 15:41:02,27,packet_loss,LOCAL,cpu 5% < 60 and cloud not faster,106.86,1,0.85,1129.54,0.0,5.08,78.17,0.0,40.5
2026-05-21 15:41:04,28,packet_loss,LOCAL,cpu 12% < 60 and cloud not faster,105.58,1,0.77,1120.81,0.0,11.86,78.22,0.0,41.0
2026-05-21 15:41:07,29,packet_loss,LOCAL,cpu 12% < 60 and cloud not faster,110.86,1,4.42,1124.11,0.0,11.67,78.22,0.0,41.0
2026-05-21 15:41:09,30,packet_loss,LOCAL,cpu 21% < 60 and cloud not faster,107.06,1,0.85,1113.59,0.0,20.63,78.04,0.0,41.0
2026-05-21 15:41:12,31,packet_loss,LOCAL,cpu 9% < 60 and cloud not faster,106.14,1,0.67,1126.28,0.0,8.62,78.13,0.0,41.0
2026-05-21 15:41:15,32,packet_loss,LOCAL,cpu 32% < 60 and cloud not faster,120.05,1,0.71,1112.47,0.0,31.82,78.12,5.2,40.5
2026-05-21 15:41:17,33,packet_loss,LOCAL,cpu 26% < 60 and cloud not faster,112.84,1,0.72,1131.27,0.0,26.23,78.36,6.2,41.0
2026-05-21 15:41:20,34,packet_loss,LOCAL,cpu 42% < 60 and cloud not faster,130.27,1,0.7,1132.79,0.0,42.03,78.33,1.6,41.0
2026-05-21 15:41:22,35,packet_loss,LOCAL,cpu 17% < 60 and cloud not faster,107.83,1,0.69,1122.71,0.0,16.67,78.4,0.0,41.0
2026-05-21 15:41:25,36,packet_loss,LOCAL,cpu 10% < 60 and cloud not faster,109.52,1,0.59,1123.27,0.0,9.84,78.22,0.0,41.0
2026-05-21 15:41:27,37,packet_loss,LOCAL,cpu 15% < 60 and cloud not faster,106.38,1,0.52,1123.16,0.0,15.0,78.43,0.0,41.0
2026-05-21 15:41:30,38,packet_loss,LOCAL,cpu 10% < 60 and cloud not faster,107.66,1,0.47,1112.49,0.0,10.17,78.43,0.0,41.0
2026-05-21 15:41:33,39,packet_loss,LOCAL,cpu 14% < 60 and cloud not faster,106.32,1,0.53,1113.24,0.0,13.56,78.24,0.0,41.0
2026-05-21 15:41:36,40,packet_loss,LOCAL,loss 33.0% >= 5.0,110.94,1,0.53,589.58,33.0,13.56,78.2,0.0,41.0
2026-05-21 15:41:39,41,packet_loss,LOCAL,cpu 24% < 60 and cloud not faster,111.19,1,0.51,1132.41,0.0,24.19,78.3,6.0,41.5
2026-05-21 15:41:41,42,packet_loss,LOCAL,cpu 12% < 60 and cloud not faster,115.49,1,0.52,1103.03,0.0,11.67,78.24,0.0,41.0
2026-05-21 15:41:44,43,packet_loss,LOCAL,cpu 17% < 60 and cloud not faster,116.66,1,0.57,588.89,0.0,16.67,78.33,0.0,41.0
2026-05-21 15:41:47,44,packet_loss,LOCAL,cpu hot (67% > 60),146.86,1,0.56,1134.15,0.0,66.67,78.57,7.2,41.5
2026-05-21 15:41:49,45,packet_loss,LOCAL,cpu 10% < 60 and cloud not faster,107.95,1,0.55,1130.45,0.0,10.17,78.17,0.0,41.5
2026-05-21 15:41:52,46,packet_loss,LOCAL,cpu 30% < 60 and cloud not faster,116.68,1,0.52,1133.08,0.0,30.0,78.42,7.7,41.5
2026-05-21 15:41:55,47,packet_loss,LOCAL,cpu 10% < 60 and cloud not faster,106.83,1,0.48,1108.31,0.0,10.34,78.36,4.3,41.5
2026-05-21 15:41:57,48,packet_loss,LOCAL,cpu 22% < 60 and cloud not faster,106.32,1,0.56,1128.63,0.0,22.03,78.12,0.0,41.5
2026-05-21 15:42:00,49,packet_loss,LOCAL,cpu 15% < 60 and cloud not faster,105.99,1,0.53,587.25,0.0,15.25,78.13,0.0,41.5
2026-05-21 15:42:03,50,packet_loss,LOCAL,cpu 10% < 60 and cloud not faster,109.41,1,0.55,1128.81,0.0,10.17,78.14,0.0,41.0
2026-05-21 15:42:05,51,packet_loss,LOCAL,cpu 13% < 60 and cloud not faster,108.15,1,0.53,1121.62,0.0,13.33,78.18,0.0,41.5
2026-05-21 15:42:08,52,packet_loss,LOCAL,cpu 16% < 60 and cloud not faster,107.99,1,0.55,1129.42,0.0,16.39,78.17,0.0,41.5
2026-05-21 15:42:11,53,packet_loss,LOCAL,loss 33.0% >= 5.0,108.49,1,0.71,1121.05,33.0,16.13,78.52,0.0,41.5
2026-05-21 15:42:15,54,packet_loss,LOCAL,cpu 21% < 60 and cloud not faster,119.69,1,0.54,204.89,0.0,20.69,78.3,11.9,41.5
2026-05-21 15:42:17,55,packet_loss,LOCAL,cpu 21% < 60 and cloud not faster,109.03,1,0.51,1129.31,0.0,21.05,78.55,10.6,42.0
2026-05-21 15:42:20,56,packet_loss,LOCAL,cpu 25% < 60 and cloud not faster,120.79,1,0.51,1128.7,0.0,25.0,78.58,9.9,41.5
2026-05-21 15:42:23,57,packet_loss,LOCAL,cpu 10% < 60 and cloud not faster,107.14,1,0.53,1131.41,0.0,10.17,78.45,0.0,41.5
2026-05-21 15:42:25,58,packet_loss,LOCAL,cpu 25% < 60 and cloud not faster,120.05,1,0.56,1125.8,0.0,25.0,78.6,2.7,41.5
2026-05-21 15:42:28,59,packet_loss,LOCAL,cpu hot (66% > 60),165.68,1,0.53,1133.4,0.0,66.1,78.69,7.7,42.0
2026-05-21 15:42:30,60,packet_loss,LOCAL,cpu 22% < 60 and cloud not faster,113.6,1,0.53,1126.15,0.0,21.67,78.47,7.4,42.0
2026-05-21 15:42:33,61,packet_loss,LOCAL,cpu 13% < 60 and cloud not faster,107.1,1,0.54,1131.45,0.0,12.7,78.27,0.0,41.5
2026-05-21 15:42:36,62,packet_loss,LOCAL,loss 33.0% >= 5.0,108.0,1,0.51,1127.64,33.0,16.39,78.24,0.0,42.0
2026-05-21 15:42:39,63,packet_loss,LOCAL,cpu 31% < 60 and cloud not faster,106.65,1,0.53,1122.28,0.0,30.65,78.83,0.0,42.0
2026-05-21 15:42:42,64,packet_loss,LOCAL,cpu hot (64% > 60),128.93,1,0.54,1112.5,0.0,64.41,78.98,15.8,42.0
2026-05-21 15:42:44,65,packet_loss,LOCAL,cpu 26% < 60 and cloud not faster,134.0,1,0.55,1133.37,0.0,26.23,79.07,0.0,42.0
2026-05-21 15:42:47,66,packet_loss,LOCAL,cpu 19% < 60 and cloud not faster,108.55,1,0.49,1134.73,0.0,18.97,79.0,0.0,42.0
2026-05-21 15:42:49,67,packet_loss,LOCAL,cpu 19% < 60 and cloud not faster,108.54,1,0.5,1135.27,0.0,19.35,79.1,0.0,42.0
2026-05-21 15:42:52,68,packet_loss,LOCAL,cpu 27% < 60 and cloud not faster,109.86,1,0.47,1113.3,0.0,26.56,79.16,0.0,42.5
2026-05-21 15:42:54,69,packet_loss,LOCAL,cpu 25% < 60 and cloud not faster,102.2,1,0.53,1133.23,0.0,25.0,79.23,0.0,42.5
2026-05-21 15:42:57,70,packet_loss,LOCAL,cpu 28% < 60 and cloud not faster,115.08,1,0.52,1128.63,0.0,28.07,79.4,13.2,42.5
2026-05-21 15:43:00,71,packet_loss,LOCAL,cpu 50% < 60 and cloud not faster,140.28,1,0.55,599.7,0.0,50.0,79.66,16.2,42.5
2026-05-21 15:43:02,72,packet_loss,LOCAL,cpu 28% < 60 and cloud not faster,108.99,1,0.54,1132.75,0.0,28.07,79.58,0.0,42.0
2026-05-21 15:43:05,73,packet_loss,LOCAL,cpu 23% < 60 and cloud not faster,103.9,1,0.47,1134.14,0.0,23.33,79.7,0.0,42.0
2026-05-21 15:43:08,74,packet_loss,LOCAL,cpu 23% < 60 and cloud not faster,117.13,1,0.51,1133.64,0.0,22.95,79.84,0.0,42.5
2026-05-21 15:43:10,75,packet_loss,LOCAL,cpu 25% < 60 and cloud not faster,124.3,1,0.47,595.0,0.0,24.59,79.38,0.0,42.5
2026-05-21 15:43:13,76,packet_loss,LOCAL,cpu 19% < 60 and cloud not faster,110.2,1,0.54,1134.39,0.0,18.64,79.05,0.0,42.5
2026-05-21 15:43:15,77,packet_loss,LOCAL,cpu 21% < 60 and cloud not faster,104.3,1,0.46,1135.62,0.0,20.69,78.78,0.0,42.0
2026-05-21 15:43:18,78,packet_loss,LOCAL,cpu 17% < 60 and cloud not faster,106.29,1,0.52,1133.55,0.0,16.95,78.55,0.0,42.5
2026-05-21 15:43:21,79,packet_loss,LOCAL,cpu 25% < 60 and cloud not faster,105.17,1,0.53,1119.87,0.0,25.42,78.47,0.0,42.5
2026-05-21 15:43:23,80,packet_loss,LOCAL,cpu 32% < 60 and cloud not faster,132.99,1,0.55,1133.13,0.0,32.2,79.01,17.9,42.5
2026-05-21 15:43:26,81,packet_loss,LOCAL,cpu 25% < 60 and cloud not faster,120.35,1,0.54,1125.7,0.0,25.0,80.84,17.2,43.0
2026-05-21 15:43:28,82,packet_loss,LOCAL,cpu 42% < 60 and cloud not faster,131.39,1,0.52,1115.98,0.0,42.11,82.92,16.3,43.0
2026-05-21 15:43:32,83,packet_loss,LOCAL,loss 33.0% >= 5.0,147.47,1,0.55,1126.81,33.0,38.71,85.63,20.2,43.0
2026-05-21 15:43:35,84,packet_loss,LOCAL,cpu 27% < 60 and cloud not faster,106.09,1,0.52,1133.55,0.0,26.79,85.56,0.0,43.0
2026-05-21 15:43:37,85,packet_loss,LOCAL,cpu hot (66% > 60),173.39,1,0.98,1027.95,0.0,66.1,85.76,13.6,43.5
2026-05-21 15:43:40,86,packet_loss,LOCAL,cpu hot (67% > 60),124.81,1,0.52,1125.5,0.0,66.67,85.99,15.5,43.5
2026-05-21 15:43:42,87,packet_loss,LOCAL,cpu 36% < 60 and cloud not faster,115.25,1,0.51,1135.21,0.0,36.07,82.53,15.3,43.5
2026-05-21 15:43:45,88,packet_loss,LOCAL,cpu 32% < 60 and cloud not faster,122.04,1,0.56,1133.21,0.0,32.2,82.21,12.3,43.5
2026-05-21 15:43:48,89,packet_loss,LOCAL,cpu 25% < 60 and cloud not faster,105.42,1,0.47,1131.67,0.0,24.56,82.22,7.5,43.0
2026-05-21 15:43:50,90,packet_loss,LOCAL,cpu 32% < 60 and cloud not faster,131.67,1,0.6,1124.13,0.0,31.67,82.03,16.3,43.5
2026-05-21 15:43:55,91,packet_loss,LOCAL,cpu 22% < 60 and cloud not faster,133.61,1,0.59,113.75,0.0,22.03,82.07,19.6,43.5
2026-05-21 15:43:57,92,packet_loss,LOCAL,cpu 32% < 60 and cloud not faster,117.54,1,0.51,1131.35,0.0,31.67,82.07,15.7,43.5
2026-05-21 15:44:02,93,packet_loss,LOCAL,loss 33.0% >= 5.0,151.18,1,0.53,206.82,33.0,32.2,82.01,22.6,43.0
2026-05-21 15:44:05,94,packet_loss,LOCAL,cpu 10% < 60 and cloud not faster,111.19,1,0.51,1133.68,0.0,10.17,81.82,0.0,43.5
2026-05-21 15:44:07,95,packet_loss,LOCAL,cpu 32% < 60 and cloud not faster,117.86,1,0.57,1130.91,0.0,31.67,82.02,14.7,43.5
2026-05-21 15:44:10,96,packet_loss,LOCAL,cpu 22% < 60 and cloud not faster,127.07,1,0.55,1128.24,0.0,22.03,82.16,6.8,44.0
2026-05-21 15:44:12,97,packet_loss,LOCAL,cpu 40% < 60 and cloud not faster,123.92,1,0.55,1111.9,0.0,40.0,82.3,15.2,44.0
2026-05-21 15:44:15,98,packet_loss,LOCAL,cpu 34% < 60 and cloud not faster,121.57,1,0.54,1132.41,0.0,34.48,82.15,9.4,44.0
2026-05-21 15:44:18,99,packet_loss,LOCAL,cpu 34% < 60 and cloud not faster,103.82,1,0.56,1125.17,0.0,33.9,82.27,14.2,44.0
2026-05-21 15:44:20,100,packet_loss,LOCAL,cpu 33% < 60 and cloud not faster,122.61,1,0.54,1130.76,0.0,32.79,82.27,14.5,44.0
2026-05-21 15:44:23,101,packet_loss,LOCAL,cpu 31% < 60 and cloud not faster,115.45,1,0.6,589.54,0.0,31.03,82.07,14.9,44.0
2026-05-21 15:44:25,102,packet_loss,LOCAL,cpu 32% < 60 and cloud not faster,114.01,1,0.6,1131.58,0.0,32.26,82.25,16.3,44.5
2026-05-21 15:44:28,103,packet_loss,LOCAL,cpu 42% < 60 and cloud not faster,133.59,1,0.61,1134.24,0.0,41.67,82.2,14.8,44.5
2026-05-21 15:44:32,104,packet_loss,LOCAL,loss 33.0% >= 5.0,124.3,1,0.56,1124.03,33.0,15.87,82.26,8.0,44.0
2026-05-21 15:44:34,105,packet_loss,LOCAL,cpu 30% < 60 and cloud not faster,120.48,1,0.51,1127.75,0.0,29.82,82.21,14.1,44.5
2026-05-21 15:44:37,106,packet_loss,LOCAL,cpu 20% < 60 and cloud not faster,113.46,1,0.57,1132.75,0.0,20.0,82.02,15.6,44.0
2026-05-21 15:44:39,107,packet_loss,LOCAL,cpu 32% < 60 and cloud not faster,119.11,1,0.58,1125.2,0.0,31.67,82.28,14.1,44.5
2026-05-21 15:44:43,108,packet_loss,LOCAL,loss 33.0% >= 5.0,130.12,1,0.66,591.79,33.0,32.76,82.07,17.6,44.5
2026-05-21 15:44:47,109,packet_loss,LOCAL,loss 33.0% >= 5.0,126.46,1,0.61,1129.08,33.0,18.64,82.11,14.8,44.5
2026-05-21 15:44:49,110,packet_loss,LOCAL,cpu 29% < 60 and cloud not faster,115.67,1,0.52,1125.38,0.0,29.31,81.97,14.3,44.5
2026-05-21 15:44:52,111,packet_loss,LOCAL,cpu 31% < 60 and cloud not faster,115.24,1,0.57,1131.74,0.0,31.03,82.43,14.1,44.5
2026-05-21 15:44:54,112,packet_loss,LOCAL,cpu 32% < 60 and cloud not faster,103.52,1,0.6,1132.71,0.0,31.67,82.45,14.0,45.0
2026-05-21 15:44:57,113,packet_loss,LOCAL,cpu 31% < 60 and cloud not faster,121.36,1,0.59,1129.77,0.0,31.03,80.54,15.7,44.5
2026-05-21 15:45:00,114,packet_loss,LOCAL,cpu 34% < 60 and cloud not faster,119.01,1,0.51,599.52,0.0,34.43,80.14,14.6,45.0
2026-05-21 15:45:02,115,packet_loss,LOCAL,cpu 29% < 60 and cloud not faster,114.94,1,0.59,1133.02,0.0,28.81,79.94,14.6,45.0
2026-05-21 15:45:05,116,packet_loss,LOCAL,cpu 32% < 60 and cloud not faster,125.02,1,0.61,1133.76,0.0,31.67,79.85,13.6,44.5
2026-05-21 15:45:09,117,packet_loss,LOCAL,loss 33.0% >= 5.0,108.84,1,0.59,1121.13,33.0,8.33,80.28,0.0,45.0
2026-05-21 15:45:12,118,packet_loss,LOCAL,loss 33.0% >= 5.0,143.51,1,0.58,1131.08,33.0,38.33,80.42,16.2,45.0
2026-05-21 15:45:15,119,packet_loss,LOCAL,cpu 24% < 60 and cloud not faster,125.92,1,0.58,1121.5,0.0,23.73,80.53,17.5,44.5
2026-05-21 15:45:17,120,packet_loss,LOCAL,cpu 37% < 60 and cloud not faster,117.36,1,0.56,1131.19,0.0,37.1,80.36,15.0,45.0
2026-05-21 15:45:20,121,packet_loss,LOCAL,cpu 36% < 60 and cloud not faster,123.43,1,0.57,1127.08,0.0,35.59,80.29,14.5,45.0
2026-05-21 15:45:23,122,packet_loss,LOCAL,cpu 12% < 60 and cloud not faster,108.65,1,0.57,1132.18,0.0,12.07,80.34,0.0,45.0
2026-05-21 15:45:25,123,packet_loss,LOCAL,cpu 37% < 60 and cloud not faster,121.98,1,0.54,1131.89,0.0,36.51,80.11,15.5,45.0
2026-05-21 15:45:28,124,packet_loss,LOCAL,cpu 37% < 60 and cloud not faster,117.02,1,0.56,1132.43,0.0,37.29,80.39,15.3,45.0
2026-05-21 15:45:30,125,packet_loss,LOCAL,cpu 32% < 60 and cloud not faster,127.43,1,0.58,1132.14,0.0,32.2,80.43,14.1,45.0
2026-05-21 15:45:33,126,packet_loss,LOCAL,cpu 41% < 60 and cloud not faster,122.45,1,0.56,1133.41,0.0,40.68,80.43,16.4,45.5
2026-05-21 15:45:35,127,packet_loss,LOCAL,cpu 36% < 60 and cloud not faster,107.48,1,0.48,1133.72,0.0,36.36,80.05,16.4,45.5
2026-05-21 15:45:38,128,packet_loss,LOCAL,cpu 40% < 60 and cloud not faster,141.63,1,0.54,1129.22,0.0,39.66,80.02,17.1,45.0
2026-05-21 15:45:41,129,packet_loss,LOCAL,cpu 16% < 60 and cloud not faster,106.71,1,0.55,1131.77,0.0,16.13,80.2,0.0,45.0
2026-05-21 15:45:43,130,packet_loss,LOCAL,cpu 32% < 60 and cloud not faster,110.02,1,0.67,589.1,0.0,32.2,80.25,18.3,45.5
2026-05-21 15:45:46,131,packet_loss,LOCAL,cpu 39% < 60 and cloud not faster,136.39,1,0.59,1131.96,0.0,38.6,80.22,15.6,45.5
2026-05-21 15:45:49,132,packet_loss,LOCAL,cpu 8% < 60 and cloud not faster,105.67,1,0.6,1124.55,0.0,8.33,80.08,0.0,45.0
2026-05-21 15:45:51,133,packet_loss,LOCAL,cpu 35% < 60 and cloud not faster,119.34,1,0.6,1133.22,0.0,35.0,80.43,15.8,45.5
2026-05-21 15:45:55,134,packet_loss,LOCAL,cpu 28% < 60 and cloud not faster,128.25,1,0.56,204.9,0.0,28.07,80.81,18.7,45.5
2026-05-21 15:45:58,135,packet_loss,LOCAL,loss 33.0% >= 5.0,132.11,1,0.57,1132.93,33.0,37.29,81.04,17.0,45.5
2026-05-21 15:46:01,136,packet_loss,LOCAL,cpu 39% < 60 and cloud not faster,120.48,1,0.57,588.69,0.0,38.71,80.75,18.6,45.5
2026-05-21 15:46:04,137,packet_loss,LOCAL,cpu 27% < 60 and cloud not faster,124.6,1,0.53,1133.17,0.0,26.67,80.59,14.8,45.5
2026-05-21 15:46:06,138,packet_loss,LOCAL,cpu 33% < 60 and cloud not faster,116.95,1,0.56,1130.2,0.0,33.33,80.61,15.5,45.5
2026-05-21 15:46:09,139,packet_loss,LOCAL,cpu 34% < 60 and cloud not faster,122.92,1,0.65,1125.45,0.0,34.48,80.62,16.3,45.5
2026-05-21 15:46:11,140,packet_loss,LOCAL,cpu 33% < 60 and cloud not faster,105.14,1,0.59,1134.01,0.0,32.76,80.41,14.4,46.0
2026-05-21 15:46:17,141,packet_loss,LOCAL,bw 0KBps <= 100,169.37,1,0.55,0.0,0.0,31.15,80.57,25.2,45.5
2026-05-21 15:46:20,142,packet_loss,LOCAL,loss 33.0% >= 5.0,127.8,1,0.59,1125.88,33.0,37.1,80.54,7.3,45.5
2026-05-21 15:46:24,143,packet_loss,LOCAL,loss 33.0% >= 5.0,127.27,1,0.59,1133.41,33.0,32.2,80.47,16.5,45.5
2026-05-21 15:46:27,144,packet_loss,LOCAL,cpu 8% < 60 and cloud not faster,110.21,1,0.55,1125.65,0.0,8.47,80.52,0.0,45.5
2026-05-21 15:46:30,145,packet_loss,LOCAL,loss 33.0% >= 5.0,144.18,1,0.54,1086.93,33.0,35.59,80.32,16.0,45.5
2026-05-21 15:46:33,146,packet_loss,LOCAL,cpu 32% < 60 and cloud not faster,119.96,1,0.61,1132.54,0.0,31.67,80.5,15.6,46.0
2026-05-21 15:46:36,147,packet_loss,LOCAL,loss 33.0% >= 5.0,113.84,1,0.57,1133.16,33.0,32.79,80.45,15.6,46.0
2026-05-21 15:46:39,148,packet_loss,LOCAL,cpu 34% < 60 and cloud not faster,122.65,1,0.67,1121.31,0.0,33.87,80.17,15.6,45.5
2026-05-21 15:46:42,149,packet_loss,LOCAL,cpu 16% < 60 and cloud not faster,103.73,1,0.59,1131.31,0.0,15.52,80.26,0.0,45.5
2026-05-21 15:46:45,150,packet_loss,LOCAL,loss 33.0% >= 5.0,155.71,1,0.6,1132.28,33.0,34.43,80.18,22.0,45.5
2026-05-21 15:50:15,1,cpu_stress,CLOUD,cpu hot (67% > 60),248.37,1,0.51,1121.59,0.0,66.67,68.04,36.9,47.5
2026-05-21 15:50:28,2,cpu_stress,LOCAL,loss 33.0% >= 5.0,8626.44,1,0.56,1127.3,33.0,66.67,68.02,42.3,47.5
2026-05-21 15:50:30,3,cpu_stress,CLOUD,cpu hot (67% > 60),57.69,1,0.52,1103.9,0.0,66.67,80.23,16.5,48.0
2026-05-21 15:50:33,4,cpu_stress,CLOUD,cpu hot (67% > 60),67.25,1,0.54,1125.87,0.0,67.21,80.24,24.3,48.0
2026-05-21 15:50:35,5,cpu_stress,CLOUD,cpu hot (67% > 60),65.9,1,0.54,1127.95,0.0,66.67,80.22,27.1,48.0
2026-05-21 15:50:38,6,cpu_stress,CLOUD,cpu hot (67% > 60),55.93,1,0.5,1134.14,0.0,66.67,80.34,31.3,48.0
2026-05-21 15:50:41,7,cpu_stress,CLOUD,cpu hot (66% > 60),52.78,1,0.51,1068.96,0.0,66.1,80.35,20.0,47.5
2026-05-21 15:50:43,8,cpu_stress,CLOUD,cpu hot (67% > 60),73.02,1,0.47,1122.53,0.0,67.21,80.35,36.5,48.0
2026-05-21 15:50:46,9,cpu_stress,CLOUD,cpu hot (67% > 60),96.74,1,0.51,1126.93,0.0,66.67,80.35,34.8,48.0
2026-05-21 15:50:49,10,cpu_stress,LOCAL,cpu 60% < 60 and cloud not faster,254.71,1,0.54,1112.2,0.0,60.0,80.4,0.0,47.5
2026-05-21 15:50:51,11,cpu_stress,CLOUD,cpu hot (66% > 60),58.73,1,0.51,1115.28,0.0,66.1,80.53,6.8,48.0
2026-05-21 15:50:54,12,cpu_stress,CLOUD,cpu hot (67% > 60),66.39,1,0.59,1131.51,0.0,66.67,80.49,24.5,48.0
2026-05-21 15:50:57,13,cpu_stress,CLOUD,cpu hot (67% > 60),93.37,1,0.63,1118.53,0.0,66.67,80.52,0.6,48.0
2026-05-21 15:50:59,14,cpu_stress,CLOUD,cpu hot (66% > 60),65.77,1,0.77,1131.26,0.0,66.1,80.52,34.1,48.0
2026-05-21 15:51:02,15,cpu_stress,CLOUD,cpu hot (67% > 60),85.12,1,0.71,1130.8,0.0,66.67,80.52,33.9,48.0
2026-05-21 15:51:04,16,cpu_stress,CLOUD,cpu hot (67% > 60),77.22,1,1.73,1130.11,0.0,66.67,80.51,36.8,48.5
2026-05-21 15:51:07,17,cpu_stress,CLOUD,cpu hot (67% > 60),65.92,1,0.72,1130.6,0.0,66.67,80.53,20.9,48.0
2026-05-21 15:51:10,18,cpu_stress,CLOUD,cpu hot (66% > 60),73.19,1,0.63,1122.83,0.0,65.57,80.48,25.5,48.5
2026-05-21 15:51:12,19,cpu_stress,CLOUD,cpu hot (68% > 60),78.2,1,0.8,1130.1,0.0,67.74,80.47,30.2,48.0
2026-05-21 15:51:15,20,cpu_stress,CLOUD,cpu hot (67% > 60),88.22,1,0.7,1130.2,0.0,66.67,80.48,34.0,48.5
2026-05-21 15:51:17,21,cpu_stress,CLOUD,cpu hot (65% > 60),79.97,1,0.69,1130.31,0.0,65.0,80.47,22.5,48.5
2026-05-21 15:51:20,22,cpu_stress,CLOUD,cpu hot (65% > 60),80.26,1,0.69,1131.21,0.0,65.0,80.47,34.3,48.5
2026-05-21 15:51:23,23,cpu_stress,CLOUD,cpu hot (67% > 60),68.74,1,0.69,1117.08,0.0,66.67,80.48,16.4,48.0
2026-05-21 15:51:25,24,cpu_stress,CLOUD,cpu hot (66% > 60),74.93,1,0.75,1124.47,0.0,65.57,80.48,34.1,48.5
2026-05-21 15:51:28,25,cpu_stress,CLOUD,cpu hot (68% > 60),97.5,1,0.74,1128.0,0.0,67.74,80.51,35.7,48.5
2026-05-21 15:51:31,26,cpu_stress,CLOUD,cpu hot (65% > 60),72.64,1,0.7,1129.93,0.0,65.08,80.52,34.7,48.5
2026-05-21 15:51:33,27,cpu_stress,CLOUD,cpu hot (66% > 60),81.22,1,0.74,1124.11,0.0,66.13,80.5,36.4,48.5
2026-05-21 15:51:36,28,cpu_stress,CLOUD,cpu hot (66% > 60),84.95,1,0.75,1123.82,0.0,66.1,80.48,40.2,48.5
2026-05-21 15:51:39,29,cpu_stress,LOCAL,cpu 57% < 60 and cloud not faster,256.41,1,0.76,1127.94,0.0,56.67,80.49,0.0,48.5
2026-05-21 15:51:41,30,cpu_stress,CLOUD,cpu hot (65% > 60),71.13,1,0.69,1074.73,0.0,65.08,80.49,8.2,49.0
2026-05-21 15:51:44,31,cpu_stress,CLOUD,cpu hot (67% > 60),89.86,1,0.76,1123.55,0.0,67.21,80.5,22.4,49.0
2026-05-21 15:51:47,32,cpu_stress,CLOUD,cpu hot (67% > 60),83.45,1,0.73,1124.2,0.0,66.67,80.5,25.7,49.0
2026-05-21 15:51:49,33,cpu_stress,CLOUD,cpu hot (67% > 60),72.44,1,0.73,1115.41,0.0,66.67,80.51,29.0,49.0
2026-05-21 15:53:01,1,cpu_stress-high_latency,LOCAL,rtt 201ms >= 200,9135.15,1,200.82,113.92,0.0,66.67,68.36,38.8,50.0
2026-05-21 15:53:06,2,cpu_stress-high_latency,LOCAL,rtt 201ms >= 200,226.3,1,200.91,112.15,0.0,66.67,80.5,23.3,49.5
2026-05-21 15:53:11,3,cpu_stress-high_latency,LOCAL,rtt 201ms >= 200,235.59,1,201.05,113.85,0.0,67.21,80.68,28.5,49.0
2026-05-21 15:53:16,4,cpu_stress-high_latency,LOCAL,rtt 201ms >= 200,211.9,1,200.83,113.86,0.0,66.1,80.57,23.2,49.0
2026-05-21 15:53:21,5,cpu_stress-high_latency,LOCAL,rtt 201ms >= 200,203.22,1,200.95,113.93,0.0,67.74,80.58,26.6,49.0
2026-05-21 15:53:26,6,cpu_stress-high_latency,LOCAL,rtt 201ms >= 200,203.89,1,200.89,113.86,0.0,67.21,80.6,23.4,49.0
2026-05-21 15:53:31,7,cpu_stress-high_latency,LOCAL,rtt 201ms >= 200,142.59,1,200.86,113.96,0.0,34.92,80.33,21.3,48.5
2026-05-21 15:53:36,8,cpu_stress-high_latency,LOCAL,rtt 201ms >= 200,147.44,1,200.76,113.78,0.0,5.08,80.29,0.0,48.0
2026-05-21 15:53:41,9,cpu_stress-high_latency,LOCAL,rtt 201ms >= 200,196.51,1,200.87,113.85,0.0,67.74,80.59,20.0,48.5
2026-05-21 15:53:45,10,cpu_stress-high_latency,LOCAL,rtt 201ms >= 200,169.34,1,200.77,113.91,0.0,65.57,80.61,25.6,48.5
2026-05-21 15:53:50,11,cpu_stress-high_latency,LOCAL,rtt 201ms >= 200,203.15,1,200.86,113.86,0.0,66.67,80.62,22.2,48.5
2026-05-21 15:53:55,12,cpu_stress-high_latency,LOCAL,rtt 201ms >= 200,246.29,1,200.91,113.82,0.0,66.67,80.6,23.0,48.5
2026-05-21 15:54:00,13,cpu_stress-high_latency,LOCAL,rtt 201ms >= 200,226.99,1,200.93,113.87,0.0,50.0,80.59,30.5,48.0
2026-05-21 15:54:05,14,cpu_stress-high_latency,LOCAL,rtt 201ms >= 200,225.55,1,200.98,113.77,0.0,66.67,80.64,27.3,48.0
2026-05-21 15:54:10,15,cpu_stress-high_latency,LOCAL,rtt 201ms >= 200,223.44,1,201.09,113.14,0.0,66.1,80.68,23.6,48.0
2026-05-21 15:54:15,16,cpu_stress-high_latency,LOCAL,rtt 201ms >= 200,219.31,1,200.96,113.76,0.0,66.67,80.64,28.5,48.0
2026-05-21 15:54:20,17,cpu_stress-high_latency,LOCAL,rtt 201ms >= 200,206.59,1,201.0,112.19,0.0,60.0,80.62,7.6,48.0
2026-05-21 15:54:25,18,cpu_stress-high_latency,LOCAL,rtt 201ms >= 200,157.7,1,201.07,113.87,0.0,41.67,80.35,26.9,47.5
2026-05-21 15:54:30,19,cpu_stress-high_latency,LOCAL,rtt 201ms >= 200,156.75,1,200.83,113.86,0.0,32.26,80.33,23.1,47.0
2026-05-21 15:54:35,20,cpu_stress-high_latency,LOCAL,rtt 201ms >= 200,149.55,1,200.84,113.83,0.0,10.0,80.44,0.5,46.5
2026-05-21 15:54:40,21,cpu_stress-high_latency,LOCAL,rtt 201ms >= 200,149.04,1,200.85,113.87,0.0,66.67,80.65,21.8,47.0
2026-05-21 15:54:44,22,cpu_stress-high_latency,LOCAL,rtt 201ms >= 200,171.18,1,200.84,112.3,0.0,30.51,80.56,24.5,47.0
2026-05-21 15:54:49,23,cpu_stress-high_latency,LOCAL,rtt 201ms >= 200,187.1,1,201.0,113.89,0.0,50.85,80.56,12.8,47.0
2026-05-21 15:54:54,24,cpu_stress-high_latency,LOCAL,rtt 201ms >= 200,209.51,1,200.92,111.59,0.0,65.57,80.59,22.4,47.0
2026-05-21 15:54:59,25,cpu_stress-high_latency,LOCAL,rtt 201ms >= 200,162.76,1,201.14,113.87,0.0,48.39,80.58,23.1,47.0
2026-05-21 15:55:04,26,cpu_stress-high_latency,LOCAL,rtt 201ms >= 200,207.7,1,200.89,113.85,0.0,66.1,80.59,25.3,47.0
2026-05-21 15:55:09,27,cpu_stress-high_latency,LOCAL,rtt 201ms >= 200,170.77,1,200.81,113.89,0.0,58.33,80.66,23.5,47.0
2026-05-21 15:55:14,28,cpu_stress-high_latency,LOCAL,rtt 201ms >= 200,137.67,1,200.98,113.85,0.0,13.33,80.45,0.0,46.0
2026-05-21 15:55:19,29,cpu_stress-high_latency,LOCAL,rtt 201ms >= 200,198.64,1,200.89,113.87,0.0,53.45,80.71,25.2,46.5
2026-05-21 15:55:24,30,cpu_stress-high_latency,LOCAL,rtt 201ms >= 200,196.02,1,201.0,113.81,0.0,66.67,80.71,2.4,46.5
2026-05-21 15:55:29,31,cpu_stress-high_latency,LOCAL,rtt 201ms >= 200,163.86,1,200.9,113.95,0.0,66.67,80.74,26.3,46.5
2026-05-21 15:55:33,32,cpu_stress-high_latency,LOCAL,rtt 201ms >= 200,208.5,1,200.91,113.88,0.0,65.0,80.79,28.7,46.5
2026-05-21 15:55:38,33,cpu_stress-high_latency,LOCAL,rtt 201ms >= 200,196.35,1,201.05,113.87,0.0,66.1,80.8,29.9,46.5
2026-05-21 15:55:43,34,cpu_stress-high_latency,LOCAL,rtt 201ms >= 200,249.1,1,201.03,113.86,0.0,67.74,80.88,14.9,46.5
2026-05-21 15:55:48,35,cpu_stress-high_latency,LOCAL,rtt 201ms >= 200,190.02,1,201.04,113.78,0.0,65.0,80.69,28.4,46.5
2026-05-21 15:55:53,36,cpu_stress-high_latency,LOCAL,rtt 201ms >= 200,205.28,1,200.91,113.81,0.0,66.67,80.67,22.6,46.0
2026-05-21 15:55:58,37,cpu_stress-high_latency,LOCAL,rtt 201ms >= 200,202.61,1,200.69,113.8,0.0,63.79,80.71,20.7,46.0
2026-05-21 15:56:03,38,cpu_stress-high_latency,LOCAL,rtt 201ms >= 200,227.58,1,200.8,113.89,0.0,55.0,80.68,12.3,46.0
2026-05-21 15:56:08,39,cpu_stress-high_latency,LOCAL,rtt 201ms >= 200,213.98,1,200.86,113.84,0.0,65.0,81.11,21.1,46.0
2026-05-21 15:56:13,40,cpu_stress-high_latency,LOCAL,rtt 201ms >= 200,298.21,1,200.98,113.89,0.0,53.97,81.34,0.0,46.0
2026-05-21 15:56:18,41,cpu_stress-high_latency,LOCAL,rtt 201ms >= 200,151.31,1,200.83,113.85,0.0,38.1,81.0,0.0,45.5
2026-05-21 15:56:23,42,cpu_stress-high_latency,LOCAL,rtt 201ms >= 200,164.05,1,200.97,113.82,0.0,61.29,80.89,21.6,46.0
2026-05-21 15:56:27,43,cpu_stress-high_latency,LOCAL,rtt 201ms >= 200,218.9,1,200.89,113.88,0.0,67.21,80.79,30.9,46.0
2026-05-21 15:56:32,44,cpu_stress-high_latency,LOCAL,rtt 201ms >= 200,256.25,1,200.82,113.84,0.0,65.0,80.86,27.3,46.0
2026-05-21 15:56:37,45,cpu_stress-high_latency,LOCAL,rtt 201ms >= 200,226.38,1,201.04,113.89,0.0,65.57,80.87,21.4,46.0
2026-05-21 15:56:42,46,cpu_stress-high_latency,LOCAL,rtt 201ms >= 200,146.55,1,200.94,113.68,0.0,32.76,81.27,19.7,46.0
2026-05-21 15:56:47,47,cpu_stress-high_latency,LOCAL,rtt 201ms >= 200,202.4,1,200.92,113.78,0.0,66.13,81.4,21.9,46.0
2026-05-21 15:56:52,48,cpu_stress-high_latency,LOCAL,rtt 201ms >= 200,214.95,1,201.15,113.8,0.0,66.13,81.61,22.0,46.0
2026-05-21 15:56:57,49,cpu_stress-high_latency,LOCAL,rtt 201ms >= 200,282.07,1,200.9,113.85,0.0,66.67,81.46,25.8,45.5
2026-05-21 15:57:02,50,cpu_stress-high_latency,LOCAL,rtt 201ms >= 200,228.21,1,200.91,113.89,0.0,65.52,81.15,33.3,45.5
2026-05-21 15:57:07,51,cpu_stress-high_latency,LOCAL,rtt 201ms >= 200,253.42,1,200.91,113.8,0.0,66.67,80.94,17.2,45.5
2026-05-21 15:57:12,52,cpu_stress-high_latency,LOCAL,rtt 201ms >= 200,275.07,1,200.86,113.89,0.0,66.1,81.29,24.0,45.5
2026-05-21 15:57:17,53,cpu_stress-high_latency,LOCAL,rtt 201ms >= 200,221.74,1,200.9,113.88,0.0,62.07,80.94,28.1,45.5
2026-05-21 15:57:22,54,cpu_stress-high_latency,LOCAL,rtt 201ms >= 200,207.15,1,200.91,113.84,0.0,67.21,81.35,25.1,45.5
2026-05-21 15:57:27,55,cpu_stress-high_latency,LOCAL,rtt 201ms >= 200,195.02,1,200.9,113.86,0.0,67.74,81.4,21.2,45.5
2026-05-21 15:57:32,56,cpu_stress-high_latency,LOCAL,rtt 201ms >= 200,188.13,1,200.81,111.65,0.0,64.41,80.92,12.5,45.5
2026-05-21 15:57:37,57,cpu_stress-high_latency,LOCAL,rtt 201ms >= 200,179.6,1,200.83,113.88,0.0,48.33,81.04,28.1,45.5
2026-05-21 15:57:42,58,cpu_stress-high_latency,LOCAL,rtt 201ms >= 200,251.46,1,200.85,113.86,0.0,65.57,80.91,22.6,45.5
