timestamp,frame_id,scenario,mode,cloud_latency_ms,cloud_ok,rtt_ms,bandwidth_kbps,error_rate_pct,cpu_load,ram_usage,gpu_load,gpu_temp,successful_inferences,failed_inferences
2026-05-21 08:38:23,1,ideal,CLOUD,152.26,1,0.6,1127.35,0.0,27.12,44.06,26.9,38.5,1,0
2026-05-21 08:38:26,2,ideal,CLOUD,43.42,1,0.56,1132.14,0.0,15.25,43.95,29.0,38.5,2,0
2026-05-21 08:38:28,3,ideal,CLOUD,42.07,1,0.58,1119.02,0.0,24.14,44.06,19.5,38.5,3,0
2026-05-21 08:38:31,4,ideal,CLOUD,43.02,1,0.56,1127.25,0.0,12.07,44.14,28.0,38.0,4,0
2026-05-21 08:38:33,5,ideal,CLOUD,47.21,1,0.6,1127.78,0.0,18.97,44.11,23.8,38.0,5,0
2026-05-21 08:38:36,6,ideal,CLOUD,46.4,1,0.56,1130.45,0.0,22.03,44.05,40.1,38.5,6,0
2026-05-21 08:38:38,7,ideal,CLOUD,42.12,1,0.58,1130.66,0.0,26.67,44.05,8.1,38.5,7,0
2026-05-21 08:38:41,8,ideal,CLOUD,40.01,1,0.61,1130.57,0.0,22.95,44.08,30.5,38.5,8,0
2026-05-21 08:38:43,9,ideal,CLOUD,45.42,1,0.56,1132.7,0.0,18.97,44.15,10.1,38.5,9,0
2026-05-21 08:38:45,10,ideal,CLOUD,41.12,1,0.52,1131.09,0.0,33.33,44.4,31.4,38.5,10,0
2026-05-21 08:38:48,11,ideal,CLOUD,45.62,1,0.57,1133.13,0.0,22.03,44.79,0.0,38.5,11,0
2026-05-21 08:38:50,12,ideal,CLOUD,46.96,1,0.59,1132.76,0.0,47.54,44.89,23.3,38.5,12,0
2026-05-21 08:38:53,13,ideal,CLOUD,45.91,1,0.6,1129.61,0.0,25.42,44.39,52.7,38.5,13,0
2026-05-21 08:38:55,14,ideal,CLOUD,41.37,1,0.52,1132.87,0.0,19.3,44.33,0.0,39.0,14,0
2026-05-21 08:38:58,15,ideal,CLOUD,46.57,1,0.55,1128.29,0.0,27.12,44.3,0.0,38.5,15,0
2026-05-21 08:39:00,16,ideal,CLOUD,48.39,1,0.58,1131.74,0.0,28.81,44.33,41.4,39.0,16,0
2026-05-21 08:39:02,17,ideal,CLOUD,44.94,1,0.53,1131.52,0.0,26.67,44.33,23.0,39.0,17,0
2026-05-21 08:39:05,18,ideal,CLOUD,44.59,1,0.58,1133.25,0.0,45.9,44.8,0.0,39.0,18,0
2026-05-21 08:39:07,19,ideal,CLOUD,53.31,1,0.57,1129.56,0.0,18.33,44.84,0.0,39.0,19,0
2026-05-21 08:39:10,20,ideal,CLOUD,43.41,1,0.58,1128.55,0.0,60.66,45.06,0.0,39.0,20,0
2026-05-21 08:39:12,21,ideal,CLOUD,50.88,1,0.56,1125.62,0.0,36.21,45.1,0.0,39.0,21,0
2026-05-21 08:39:15,22,ideal,CLOUD,51.39,1,0.53,1133.71,0.0,29.03,45.24,0.0,39.0,22,0
2026-05-21 08:39:17,23,ideal,CLOUD,43.84,1,0.56,1125.52,0.0,16.67,40.83,0.0,39.0,23,0
2026-05-21 08:39:20,24,ideal,CLOUD,44.0,1,0.54,1131.46,0.0,28.81,41.16,0.0,39.0,24,0
2026-05-21 08:39:22,25,ideal,CLOUD,58.11,1,0.57,1132.05,0.0,66.67,41.43,20.2,39.5,25,0
2026-05-21 08:39:24,26,ideal,CLOUD,47.21,1,0.57,1128.85,0.0,41.27,40.55,42.3,40.0,26,0
2026-05-21 08:39:27,27,ideal,CLOUD,56.32,1,0.57,1127.63,0.0,30.65,40.45,41.2,39.5,27,0
2026-05-21 08:39:29,28,ideal,CLOUD,49.27,1,0.59,1127.12,0.0,50.85,40.38,25.9,40.0,28,0
2026-05-21 08:39:32,29,ideal,CLOUD,48.36,1,0.59,1131.96,0.0,16.95,40.35,0.8,39.5,29,0
2026-05-21 08:39:34,30,ideal,CLOUD,47.72,1,0.62,1108.82,0.0,37.93,40.55,40.7,40.0,30,0
2026-05-21 08:39:37,31,ideal,CLOUD,51.42,1,0.6,1117.02,0.0,38.33,40.46,5.8,40.0,31,0
2026-05-21 08:39:39,32,ideal,CLOUD,50.81,1,0.55,1130.28,0.0,34.43,40.69,24.0,40.0,32,0
2026-05-21 08:39:42,33,ideal,CLOUD,48.95,1,0.57,1123.95,0.0,32.76,40.55,44.5,40.0,33,0
2026-05-21 08:39:44,34,ideal,CLOUD,47.37,1,0.56,1131.03,0.0,47.46,40.54,40.1,40.0,34,0
2026-05-21 08:39:47,35,ideal,CLOUD,52.51,1,0.58,1129.91,0.0,43.33,40.66,42.1,40.0,35,0
2026-05-21 08:39:49,36,ideal,CLOUD,53.61,1,0.71,1128.81,0.0,37.29,40.35,45.5,40.0,36,0
2026-05-21 08:39:51,37,ideal,CLOUD,56.31,1,0.56,1131.68,0.0,45.16,40.83,43.0,40.0,37,0
2026-05-21 08:39:54,38,ideal,CLOUD,51.09,1,0.59,1131.36,0.0,44.26,40.74,45.8,40.5,38,0
2026-05-21 08:39:56,39,ideal,CLOUD,48.4,1,0.59,1130.76,0.0,39.66,40.84,42.1,40.5,39,0
2026-05-21 08:39:59,40,ideal,CLOUD,53.99,1,0.61,1130.42,0.0,56.67,41.17,42.3,40.5,40,0
2026-05-21 08:40:01,41,ideal,CLOUD,52.44,1,0.59,1115.89,0.0,58.06,40.62,25.4,40.5,41,0
2026-05-21 08:40:04,42,ideal,CLOUD,51.12,1,0.58,1131.01,0.0,26.23,41.06,0.0,40.5,42,0
2026-05-21 08:40:06,43,ideal,CLOUD,52.33,1,0.57,1124.88,0.0,45.76,40.98,12.3,40.5,43,0
2026-05-21 08:40:09,44,ideal,CLOUD,48.01,1,0.57,1131.39,0.0,38.98,40.77,9.2,40.5,44,0
2026-05-21 08:40:11,45,ideal,CLOUD,45.41,1,0.59,1130.36,0.0,37.7,40.79,52.7,40.5,45,0
2026-05-21 08:40:14,46,ideal,CLOUD,56.26,1,0.59,1127.86,0.0,38.6,40.8,41.4,40.5,46,0
2026-05-21 08:40:16,47,ideal,CLOUD,51.24,1,0.58,1131.64,0.0,35.0,41.02,33.7,40.5,47,0
2026-05-21 08:40:18,48,ideal,CLOUD,54.8,1,0.57,1117.49,0.0,42.62,41.21,28.1,40.5,48,0
2026-05-21 08:40:21,49,ideal,CLOUD,48.2,1,0.59,1130.01,0.0,33.33,41.54,19.1,40.5,49,0
2026-05-21 08:40:23,50,ideal,CLOUD,58.59,1,0.57,1128.75,0.0,43.55,41.61,56.6,40.5,50,0
2026-05-21 08:40:26,51,ideal,CLOUD,51.8,1,0.6,1132.31,0.0,18.33,41.46,0.0,40.5,51,0
2026-05-21 08:40:28,52,ideal,CLOUD,54.61,1,0.53,1131.5,0.0,51.67,41.72,43.9,40.5,52,0
2026-05-21 08:40:31,53,ideal,CLOUD,51.51,1,0.57,1129.29,0.0,11.48,41.85,21.4,40.5,53,0
2026-05-21 08:40:33,54,ideal,CLOUD,51.92,1,0.56,1129.95,0.0,43.1,42.47,56.3,40.5,54,0
2026-05-21 08:40:36,55,ideal,CLOUD,47.19,1,0.56,1124.74,0.0,41.38,42.23,52.7,41.0,55,0
2026-05-21 08:40:38,56,ideal,CLOUD,46.45,1,0.63,1129.02,0.0,27.87,42.25,36.3,40.5,56,0
2026-05-21 08:40:41,57,ideal,CLOUD,47.41,1,0.58,1130.81,0.0,25.81,41.96,36.6,40.5,57,0
2026-05-21 08:40:43,58,ideal,CLOUD,47.65,1,0.57,1129.63,0.0,26.67,41.81,44.6,41.0,58,0
2026-05-21 08:40:45,59,ideal,CLOUD,46.0,1,0.58,1128.43,0.0,29.03,41.79,47.1,41.0,59,0
2026-05-21 08:41:18,1,high_latency,CLOUD,179.26,1,0.59,1128.73,0.0,28.57,39.0,38.6,41.0,1,0
2026-05-21 08:41:20,2,high_latency,CLOUD,44.96,1,0.58,1124.8,0.0,21.43,39.04,49.4,41.0,2,0
2026-05-21 08:41:23,3,high_latency,CLOUD,49.31,1,0.6,1131.24,0.0,23.33,39.05,34.3,41.0,3,0
2026-05-21 08:41:25,4,high_latency,CLOUD,43.73,1,0.58,1129.3,0.0,26.67,39.07,50.7,41.0,4,0
2026-05-21 08:41:27,5,high_latency,CLOUD,43.31,1,0.57,1132.35,0.0,20.69,39.09,38.5,41.0,5,0
2026-05-21 08:41:30,6,high_latency,CLOUD,53.53,1,0.56,1122.42,0.0,11.86,39.2,16.3,40.5,6,0
2026-05-21 08:41:32,7,high_latency,CLOUD,47.19,1,0.58,1131.45,0.0,23.73,39.22,37.1,41.0,7,0
2026-05-21 08:41:35,8,high_latency,CLOUD,47.83,1,0.53,1130.56,0.0,3.39,39.24,0.0,41.0,8,0
2026-05-21 08:41:37,9,high_latency,CLOUD,46.33,1,0.58,1123.66,0.0,28.57,39.29,38.4,41.0,9,0
2026-05-21 08:41:40,10,high_latency,CLOUD,40.96,1,0.59,1132.5,0.0,10.17,39.3,0.0,41.0,10,0
2026-05-21 08:41:42,11,high_latency,CLOUD,43.79,1,0.57,1128.53,0.0,26.79,39.31,42.8,41.0,11,0
2026-05-21 08:41:45,12,high_latency,CLOUD,46.06,1,0.69,1105.71,0.0,29.51,39.31,35.2,41.5,12,0
2026-05-21 08:44:10,1,ideal,CLOUD,223.24,1,0.56,1130.44,0.0,26.23,39.31,42.0,42.0,1,0
2026-05-21 08:44:12,2,ideal,CLOUD,46.57,1,0.64,1128.13,0.0,30.16,39.38,49.4,42.0,2,0
2026-05-21 08:44:15,3,ideal,CLOUD,50.17,1,0.62,1131.64,0.0,24.59,39.39,37.4,42.0,3,0
2026-05-21 08:44:17,4,ideal,CLOUD,43.89,1,0.59,1124.24,0.0,25.0,39.38,39.3,42.0,4,0
2026-05-21 08:44:20,5,ideal,CLOUD,46.68,1,0.56,1131.24,0.0,26.67,39.42,47.7,42.0,5,0
2026-05-21 08:44:22,6,ideal,CLOUD,47.82,1,0.54,1129.96,0.0,20.69,39.41,37.3,42.0,6,0
2026-05-21 08:44:24,7,ideal,CLOUD,44.51,1,0.53,1131.31,0.0,22.03,39.42,45.5,42.0,7,0
2026-05-21 08:44:27,8,ideal,CLOUD,46.16,1,0.59,1128.18,0.0,10.0,39.42,0.0,42.0,8,0
2026-05-21 08:44:29,9,ideal,CLOUD,44.26,1,0.57,1112.43,0.0,28.12,39.44,35.7,42.0,9,0
2026-05-21 09:07:27,1,high_latency,CLOUD,457.67,1,100.97,222.41,0.0,26.98,45.04,31.7,44.5,1,0
2026-05-21 09:07:31,2,high_latency,CLOUD,350.33,1,100.89,222.47,0.0,16.95,45.09,27.5,44.0,2,0
2026-05-21 09:07:35,3,high_latency,CLOUD,361.2,1,100.94,223.03,0.0,24.59,45.11,42.6,44.0,3,0
2026-05-21 09:07:39,4,high_latency,CLOUD,359.57,1,100.76,222.54,0.0,26.23,45.14,41.4,44.0,4,0
2026-05-21 09:07:42,5,high_latency,CLOUD,351.82,1,101.05,222.73,0.0,22.41,45.26,44.0,44.0,5,0
2026-05-21 09:07:46,6,high_latency,CLOUD,350.6,1,101.0,222.5,0.0,13.33,45.2,3.0,44.0,6,0
2026-05-21 09:07:50,7,high_latency,CLOUD,352.05,1,100.96,222.97,0.0,27.87,45.21,44.4,44.0,7,0
2026-05-21 09:07:54,8,high_latency,CLOUD,349.52,1,100.96,222.94,0.0,24.59,45.23,43.1,44.0,8,0
2026-05-21 09:07:57,9,high_latency,CLOUD,359.03,1,100.87,222.63,0.0,25.0,45.25,45.9,44.0,9,0
2026-05-21 09:08:01,10,high_latency,CLOUD,351.41,1,100.95,222.41,0.0,8.33,45.28,0.0,44.0,10,0
2026-05-21 09:08:05,11,high_latency,CLOUD,356.18,1,100.84,222.87,0.0,26.32,44.42,42.7,44.5,11,0
2026-05-21 09:08:09,12,high_latency,CLOUD,358.09,1,100.9,222.73,0.0,23.73,44.43,45.6,44.0,12,0
2026-05-21 09:08:12,13,high_latency,CLOUD,349.87,1,100.9,222.63,0.0,25.81,44.56,44.7,44.0,13,0
2026-05-21 09:08:16,14,high_latency,CLOUD,348.77,1,100.97,222.14,0.0,8.2,44.48,0.0,44.0,14,0
2026-05-21 09:08:20,15,high_latency,CLOUD,355.25,1,100.79,222.95,0.0,26.23,44.49,46.3,44.0,15,0
2026-05-21 09:08:24,16,high_latency,CLOUD,353.4,1,100.88,222.72,0.0,22.03,44.51,48.1,44.5,16,0
2026-05-21 09:08:27,17,high_latency,CLOUD,350.8,1,100.92,222.68,0.0,22.03,44.57,42.1,44.5,17,0
2026-05-21 09:08:31,18,high_latency,CLOUD,350.65,1,100.93,222.88,0.0,8.47,44.56,2.3,44.0,18,0
2026-05-21 09:08:35,19,high_latency,CLOUD,359.21,1,100.9,222.49,0.0,25.81,44.6,31.8,44.0,19,0
2026-05-21 09:08:39,20,high_latency,CLOUD,349.57,1,100.93,222.67,0.0,25.81,44.62,35.6,44.0,20,0
2026-05-21 09:08:42,21,high_latency,CLOUD,352.1,1,100.94,222.52,0.0,23.73,44.64,43.6,44.0,21,0
2026-05-21 09:08:46,22,high_latency,CLOUD,359.85,1,100.91,222.79,0.0,5.08,44.65,0.0,44.0,22,0
2026-05-21 09:08:50,23,high_latency,CLOUD,350.67,1,100.93,222.7,0.0,22.03,44.68,43.9,44.5,23,0
2026-05-21 09:08:54,24,high_latency,CLOUD,350.26,1,100.96,222.68,0.0,22.03,44.7,42.7,44.5,24,0
2026-05-21 09:08:57,25,high_latency,CLOUD,354.36,1,100.91,222.77,0.0,20.69,44.73,42.7,44.5,25,0
2026-05-21 09:09:01,26,high_latency,CLOUD,361.1,1,100.92,222.46,0.0,6.67,44.75,0.0,44.5,26,0
2026-05-21 09:09:05,27,high_latency,CLOUD,365.6,1,100.97,222.36,0.0,19.64,44.45,51.1,44.5,27,0
2026-05-21 09:09:09,28,high_latency,CLOUD,352.62,1,100.75,222.75,0.0,22.41,44.46,46.0,44.0,28,0
2026-05-21 09:09:12,29,high_latency,CLOUD,354.23,1,100.94,223.01,0.0,24.59,44.58,38.0,44.5,29,0
2026-05-21 09:09:16,30,high_latency,CLOUD,347.33,1,100.97,222.51,0.0,8.62,44.59,17.1,44.5,30,0
2026-05-21 09:09:20,31,high_latency,CLOUD,351.36,1,100.77,222.47,0.0,24.19,44.62,32.5,44.5,31,0
2026-05-21 09:09:24,32,high_latency,CLOUD,358.9,1,100.84,222.75,0.0,25.0,44.64,32.2,44.5,32,0
2026-05-21 09:09:27,33,high_latency,CLOUD,359.22,1,100.96,222.77,0.0,31.58,44.66,46.6,44.5,33,0
2026-05-21 09:09:31,34,high_latency,CLOUD,350.99,1,100.96,222.7,0.0,15.25,44.78,6.8,44.5,34,0
2026-05-21 09:09:35,35,high_latency,CLOUD,366.72,1,100.88,222.74,0.0,49.15,44.84,51.4,44.5,35,0
2026-05-21 09:09:39,36,high_latency,CLOUD,358.33,1,100.82,222.72,0.0,48.28,44.85,48.9,45.0,36,0
2026-05-21 09:09:42,37,high_latency,CLOUD,365.68,1,100.91,223.11,0.0,49.15,44.87,53.9,45.0,37,0
2026-05-21 09:09:46,38,high_latency,CLOUD,351.49,1,100.93,222.91,0.0,37.1,44.91,12.3,45.0,38,0
2026-05-21 09:09:50,39,high_latency,CLOUD,377.65,1,100.89,222.82,0.0,67.74,45.31,14.8,45.0,39,0
2026-05-21 09:09:54,40,high_latency,CLOUD,355.58,1,100.83,222.74,0.0,52.54,46.05,47.7,45.5,40,0
2026-05-21 09:09:57,41,high_latency,CLOUD,359.98,1,100.97,223.05,0.0,47.46,46.06,42.0,45.5,41,0
2026-05-21 09:10:01,42,high_latency,CLOUD,350.37,1,100.93,222.82,0.0,38.33,44.77,11.0,45.0,42,0
2026-05-21 09:10:05,43,high_latency,CLOUD,356.31,1,100.92,221.92,0.0,49.18,44.79,36.2,45.5,43,0
2026-05-21 09:10:09,44,high_latency,CLOUD,358.33,1,100.84,222.8,0.0,47.46,44.83,46.7,45.5,44,0
2026-05-21 09:10:12,45,high_latency,CLOUD,362.27,1,100.95,222.5,0.0,23.33,44.83,38.2,45.0,45,0
2026-05-21 09:10:16,46,high_latency,CLOUD,353.67,1,100.96,222.94,0.0,17.24,44.82,8.9,45.0,46,0
2026-05-21 09:10:20,47,high_latency,CLOUD,358.18,1,100.88,223.0,0.0,26.23,44.85,35.2,45.0,47,0
2026-05-21 09:10:24,48,high_latency,CLOUD,364.8,1,100.97,222.69,0.0,21.05,44.87,42.9,45.0,48,0
2026-05-21 09:10:27,49,high_latency,CLOUD,362.77,1,100.97,222.96,0.0,24.59,44.88,24.3,45.0,49,0
2026-05-21 09:10:31,50,high_latency,CLOUD,363.04,1,100.97,222.2,0.0,13.33,44.91,18.7,44.5,50,0
2026-05-21 09:10:35,51,high_latency,CLOUD,358.03,1,100.98,222.94,0.0,20.34,44.92,38.0,45.0,51,0
2026-05-21 09:10:39,52,high_latency,CLOUD,352.01,1,100.7,222.71,0.0,21.05,44.94,44.4,45.0,52,0
2026-05-21 09:10:42,53,high_latency,CLOUD,363.05,1,100.97,222.82,0.0,25.42,44.97,46.6,44.5,53,0
2026-05-21 09:10:46,54,high_latency,CLOUD,359.39,1,100.87,222.55,0.0,18.03,44.71,0.0,45.0,54,0
2026-05-21 09:10:50,55,high_latency,CLOUD,354.6,1,100.86,222.75,0.0,38.1,45.98,31.2,45.0,55,0
2026-05-21 09:10:54,56,high_latency,CLOUD,350.3,1,100.89,222.65,0.0,36.21,45.72,37.6,45.5,56,0
2026-05-21 09:10:57,57,high_latency,CLOUD,359.37,1,100.94,222.79,0.0,22.41,46.78,45.7,45.0,57,0
2026-05-21 09:11:01,58,high_latency,CLOUD,359.27,1,100.91,222.64,0.0,6.9,46.8,0.0,45.0,58,0
2026-05-21 09:11:05,59,high_latency,CLOUD,353.24,1,100.99,222.65,0.0,22.03,46.83,31.8,45.0,59,0
2026-05-21 09:11:09,60,high_latency,CLOUD,363.88,1,100.79,222.62,0.0,47.54,46.85,40.1,45.0,60,0
2026-05-21 09:11:12,61,high_latency,CLOUD,364.14,1,100.99,222.66,0.0,35.48,46.99,26.5,45.0,61,0
2026-05-21 09:11:16,62,high_latency,CLOUD,365.47,1,100.94,222.51,0.0,10.0,46.92,0.0,45.0,62,0
2026-05-21 09:11:20,63,high_latency,CLOUD,355.99,1,100.83,222.43,0.0,38.33,46.94,41.9,45.0,63,0
2026-05-21 09:11:24,64,high_latency,CLOUD,355.56,1,100.81,222.72,0.0,30.65,46.96,29.3,45.0,64,0
2026-05-21 09:11:27,65,high_latency,CLOUD,362.52,1,101.0,222.43,0.0,32.2,46.98,50.8,45.0,65,0
2026-05-21 09:11:31,66,high_latency,CLOUD,362.48,1,101.02,222.8,0.0,21.67,47.28,0.0,45.0,66,0
2026-05-21 09:11:35,67,high_latency,CLOUD,362.87,1,100.89,222.76,0.0,25.0,46.77,30.3,45.5,67,0
2026-05-21 09:11:39,68,high_latency,CLOUD,354.35,1,100.85,222.71,0.0,21.05,46.79,22.5,45.0,68,0
2026-05-21 09:11:42,69,high_latency,CLOUD,361.31,1,100.88,223.12,0.0,23.33,46.92,24.8,45.0,69,0
2026-05-21 09:11:46,70,high_latency,CLOUD,361.74,1,100.97,222.68,0.0,13.33,46.94,0.0,45.0,70,0
2026-05-21 09:11:50,71,high_latency,CLOUD,350.64,1,100.95,222.72,0.0,40.0,46.97,41.2,45.0,71,0
2026-05-21 09:11:54,72,high_latency,CLOUD,362.75,1,100.9,222.68,0.0,27.87,47.0,33.5,45.0,72,0
2026-05-21 09:11:57,73,high_latency,CLOUD,359.71,1,100.94,222.38,0.0,21.05,47.14,62.4,45.5,73,0
2026-05-21 09:12:01,74,high_latency,CLOUD,358.81,1,100.94,222.3,0.0,12.28,47.17,0.0,45.0,74,0
2026-05-21 09:12:05,75,high_latency,CLOUD,357.72,1,100.89,222.76,0.0,24.56,47.18,3.6,45.0,75,0
2026-05-21 09:12:09,76,high_latency,CLOUD,366.5,1,100.89,222.64,0.0,23.64,45.03,47.0,45.5,76,0
2026-05-21 09:12:12,77,high_latency,CLOUD,355.02,1,101.0,222.82,0.0,20.69,45.05,39.7,45.5,77,0
2026-05-21 09:13:41,1,ideal,CLOUD,167.14,1,0.85,1129.57,0.0,24.59,45.01,51.3,45.5,1,0
2026-05-21 09:13:44,2,ideal,CLOUD,60.4,1,0.7,1106.36,0.0,22.03,45.12,35.8,45.0,2,0
2026-05-21 09:13:46,3,ideal,CLOUD,57.4,1,0.69,1128.04,0.0,23.33,45.19,29.2,45.5,3,0
2026-05-21 09:13:49,4,ideal,CLOUD,61.73,1,0.74,1126.91,0.0,10.0,45.21,0.0,45.5,4,0
2026-05-21 09:24:25,1,extreme_latency,CLOUD,1069.99,1,300.97,76.41,0.0,6.78,45.32,0.0,45.5,1,0
2026-05-21 09:24:32,2,extreme_latency,CLOUD,949.58,1,300.87,76.47,0.0,9.84,45.4,0.0,45.5,2,0
2026-05-21 09:24:38,3,extreme_latency,CLOUD,956.36,1,300.89,76.43,0.0,31.15,45.5,45.8,45.5,3,0
2026-05-21 09:24:45,4,extreme_latency,CLOUD,960.87,1,300.96,76.46,0.0,23.33,45.54,38.3,45.5,4,0
2026-05-21 09:24:52,5,extreme_latency,CLOUD,958.93,1,300.94,76.43,0.0,20.34,45.29,38.7,45.5,5,0
2026-05-21 09:24:59,6,extreme_latency,CLOUD,953.15,1,300.98,76.47,0.0,13.79,45.29,1.2,45.5,6,0
2026-05-21 09:25:05,7,extreme_latency,CLOUD,961.47,1,300.88,76.46,0.0,23.33,45.33,39.4,45.5,7,0
2026-05-21 09:25:12,8,extreme_latency,CLOUD,949.9,1,300.93,76.46,0.0,22.03,45.38,36.8,45.5,8,0
2026-05-21 09:25:19,9,extreme_latency,CLOUD,949.54,1,301.0,76.42,0.0,15.25,45.42,29.1,45.0,9,0
2026-05-21 09:25:26,10,extreme_latency,CLOUD,958.52,1,301.06,76.47,0.0,23.33,45.46,40.8,45.5,10,0
2026-05-21 09:25:32,11,extreme_latency,CLOUD,962.96,1,301.01,76.46,0.0,26.23,45.5,42.8,45.5,11,0
2026-05-21 09:25:39,12,extreme_latency,CLOUD,949.57,1,300.9,76.46,0.0,23.33,45.43,40.6,45.5,12,0
2026-05-21 09:25:46,13,extreme_latency,CLOUD,952.2,1,300.96,76.43,0.0,10.17,45.42,0.8,45.0,13,0
2026-05-21 09:25:53,14,extreme_latency,CLOUD,961.32,1,300.95,76.47,0.0,26.23,45.47,39.0,45.5,14,0
2026-05-21 09:25:59,15,extreme_latency,CLOUD,963.79,1,300.96,76.45,0.0,28.57,45.52,41.0,45.5,15,0
2026-05-21 09:26:06,16,extreme_latency,CLOUD,953.82,1,300.89,76.48,0.0,20.69,45.53,39.9,45.5,16,0
2026-05-21 09:26:13,17,extreme_latency,CLOUD,962.04,1,300.92,76.46,0.0,9.84,45.68,0.0,45.0,17,0
2026-05-21 09:26:20,18,extreme_latency,CLOUD,961.97,1,301.06,76.47,0.0,23.33,45.62,40.6,45.5,18,0
2026-05-21 09:26:26,19,extreme_latency,CLOUD,952.7,1,300.99,76.47,0.0,24.59,45.42,45.2,45.5,19,0
2026-05-21 09:26:33,20,extreme_latency,CLOUD,953.39,1,300.92,76.48,0.0,19.64,45.42,48.4,45.5,20,0
2026-05-21 09:26:40,21,extreme_latency,CLOUD,963.06,1,300.87,76.44,0.0,22.22,45.46,8.3,45.0,21,0
2026-05-21 09:26:46,22,extreme_latency,CLOUD,959.58,1,300.92,76.46,0.0,61.02,46.34,34.2,45.5,22,0
2026-05-21 09:26:53,23,extreme_latency,CLOUD,961.07,1,301.02,76.48,0.0,30.0,46.6,31.8,45.5,23,0
2026-05-21 09:27:00,24,extreme_latency,CLOUD,959.78,1,300.93,76.48,0.0,19.67,47.32,0.0,45.5,24,0
2026-05-21 09:27:07,25,extreme_latency,CLOUD,959.54,1,300.78,76.5,0.0,21.31,45.85,0.0,45.5,25,0
2026-05-21 09:27:13,26,extreme_latency,CLOUD,961.93,1,300.97,76.5,0.0,18.33,45.75,0.0,45.5,26,0
2026-05-21 09:27:20,27,extreme_latency,CLOUD,963.0,1,301.13,76.43,0.0,16.13,45.37,0.0,44.5,27,0
2026-05-21 09:27:27,28,extreme_latency,CLOUD,966.08,1,300.97,76.39,0.0,15.0,45.33,0.0,44.5,28,0
2026-05-21 09:27:34,29,extreme_latency,CLOUD,952.12,1,300.88,76.41,0.0,15.25,45.3,0.0,44.5,29,0
2026-05-21 09:27:40,30,extreme_latency,CLOUD,961.92,1,301.03,76.44,0.0,8.33,45.34,0.0,44.5,30,0
2026-05-21 09:27:47,31,extreme_latency,CLOUD,964.42,1,301.1,76.41,0.0,15.0,45.41,0.0,44.5,31,0
2026-05-21 09:27:54,32,extreme_latency,CLOUD,962.54,1,300.96,76.41,0.0,15.0,45.42,0.0,44.0,32,0
2026-05-21 09:28:01,33,extreme_latency,CLOUD,963.73,1,300.88,76.35,0.0,11.86,45.46,0.0,44.0,33,0
2026-05-21 09:28:08,34,extreme_latency,CLOUD,969.2,1,300.93,76.43,0.0,11.48,43.49,0.0,44.0,34,0
2026-05-21 09:28:14,35,extreme_latency,CLOUD,963.87,1,301.09,76.42,0.0,13.33,43.53,0.0,44.0,35,0
2026-05-21 09:28:21,36,extreme_latency,CLOUD,955.2,1,300.91,76.45,0.0,13.79,43.61,0.0,44.0,36,0
2026-05-21 09:28:28,37,extreme_latency,CLOUD,950.75,1,300.98,76.39,0.0,15.25,43.64,0.0,44.0,37,0
2026-05-21 09:28:35,38,extreme_latency,CLOUD,961.64,1,300.94,76.4,0.0,9.84,43.67,0.0,44.0,38,0
2026-05-21 09:28:41,39,extreme_latency,CLOUD,964.68,1,301.02,76.42,0.0,17.74,43.71,0.0,43.5,39,0
2026-05-21 09:28:48,40,extreme_latency,CLOUD,950.64,1,301.11,76.34,0.0,15.25,43.75,0.0,43.5,40,0
2026-05-21 09:28:55,41,extreme_latency,CLOUD,959.92,1,301.13,76.39,0.0,10.17,43.55,0.0,43.5,41,0
2026-05-21 09:29:02,42,extreme_latency,CLOUD,952.95,1,300.97,76.43,0.0,6.78,43.6,0.0,43.5,42,0
2026-05-21 09:29:08,43,extreme_latency,CLOUD,965.49,1,301.09,76.39,0.0,14.75,43.63,0.0,43.5,43,0
2026-05-21 09:29:15,44,extreme_latency,CLOUD,957.59,1,300.96,76.42,0.0,14.75,43.77,0.0,43.5,44,0
2026-05-21 09:29:22,45,extreme_latency,CLOUD,960.66,1,300.9,76.42,0.0,18.75,43.69,0.0,43.5,45,0
2026-05-21 09:29:29,46,extreme_latency,CLOUD,965.77,1,300.96,76.32,0.0,14.75,43.74,0.0,43.0,46,0
2026-05-21 09:29:35,47,extreme_latency,CLOUD,958.87,1,300.96,76.44,0.0,13.33,43.54,0.0,43.0,47,0
2026-05-21 09:29:42,48,extreme_latency,CLOUD,963.53,1,300.9,76.44,0.0,11.86,43.57,0.0,43.0,48,0
2026-05-21 09:29:49,49,extreme_latency,CLOUD,963.1,1,300.96,76.41,0.0,13.33,43.6,0.0,43.0,49,0
2026-05-21 09:29:56,50,extreme_latency,CLOUD,963.78,1,300.96,76.37,0.0,6.78,43.64,0.0,43.0,50,0
2026-05-21 09:30:02,51,extreme_latency,CLOUD,963.43,1,301.07,76.29,0.0,16.39,43.67,0.0,43.0,51,0
2026-05-21 09:30:09,52,extreme_latency,CLOUD,958.74,1,300.96,76.34,0.0,14.75,43.72,0.0,43.0,52,0
2026-05-21 09:30:16,53,extreme_latency,CLOUD,953.4,1,301.0,76.43,0.0,11.48,43.54,0.0,43.0,53,0
2026-05-21 09:30:23,54,extreme_latency,CLOUD,951.39,1,300.98,76.33,0.0,11.48,43.67,0.0,43.0,54,0
2026-05-21 09:31:48,1,packet_loss,CLOUD,171.02,1,0.88,1119.32,0.0,14.52,43.43,0.0,42.0,1,0
2026-05-21 09:31:52,2,packet_loss,CLOUD,65.83,1,0.77,1125.25,66.0,8.47,43.54,0.0,42.0,2,0
2026-05-21 09:31:54,3,packet_loss,CLOUD,54.18,1,0.75,1124.27,0.0,11.67,43.6,10.4,42.0,3,0
2026-05-21 09:31:58,4,packet_loss,CLOUD,46.32,1,0.77,1128.37,33.0,8.33,43.63,0.0,42.0,4,0
2026-05-21 09:32:00,5,packet_loss,CLOUD,55.56,1,0.64,1125.32,0.0,10.17,43.65,0.0,42.0,5,0
2026-05-21 09:32:03,6,packet_loss,CLOUD,80.79,1,0.73,1117.85,0.0,13.33,43.63,13.7,42.0,6,0
2026-05-21 09:32:05,7,packet_loss,CLOUD,69.34,1,3.31,1082.25,0.0,15.0,43.65,0.0,42.0,7,0
2026-05-21 09:32:08,8,packet_loss,CLOUD,72.4,1,3.48,1061.45,0.0,11.67,43.65,0.0,42.0,8,0
2026-05-21 09:32:10,9,packet_loss,CLOUD,85.88,1,4.23,1090.92,0.0,10.17,43.7,0.0,42.0,9,0
2026-05-21 09:32:12,10,packet_loss,CLOUD,66.69,1,10.62,1091.93,0.0,12.28,43.83,0.0,41.5,10,0
2026-05-21 09:32:15,11,packet_loss,CLOUD,82.48,1,4.99,1104.44,0.0,15.87,43.94,0.0,42.0,11,0
2026-05-21 09:32:18,12,packet_loss,CLOUD,1071.68,1,6.4,1061.6,0.0,10.0,43.58,3.0,42.0,12,0
2026-05-21 09:32:21,13,packet_loss,CLOUD,73.1,1,5.85,1080.3,0.0,14.75,43.56,0.0,42.0,13,0
2026-05-21 09:32:23,14,packet_loss,CLOUD,58.1,1,1.49,1084.59,0.0,16.13,43.56,0.0,42.0,14,0
2026-05-21 09:32:28,15,packet_loss,CLOUD,59.52,1,4.57,0.0,0.0,13.11,43.56,0.0,41.5,15,0
2026-05-21 09:32:31,16,packet_loss,CLOUD,57.24,1,2.27,1095.65,0.0,8.62,43.58,0.0,42.0,16,0
2026-05-21 09:32:34,17,packet_loss,CLOUD,75.88,1,4.27,569.82,0.0,11.86,43.58,7.0,41.5,17,0
2026-05-21 09:32:37,18,packet_loss,CLOUD,64.44,1,5.64,1046.65,33.0,26.67,43.72,65.4,41.5,18,0
2026-05-21 09:32:39,19,packet_loss,CLOUD,64.56,1,7.16,1080.4,0.0,18.33,43.77,34.1,41.5,19,0
2026-05-21 09:32:42,20,packet_loss,CLOUD,69.88,1,3.52,1050.82,0.0,14.52,43.72,0.0,42.0,20,0
2026-05-21 09:32:44,21,packet_loss,CLOUD,71.05,1,2.83,1118.65,0.0,14.52,43.77,0.0,42.0,21,0
2026-05-21 09:32:48,22,packet_loss,CLOUD,72.15,1,2.85,1104.33,33.0,17.74,43.69,0.0,41.5,22,0
2026-05-21 09:32:50,23,packet_loss,CLOUD,60.86,1,2.91,1123.08,0.0,14.52,43.7,0.0,41.5,23,0
2026-05-21 09:32:53,24,packet_loss,CLOUD,56.6,1,1.4,1097.18,0.0,10.0,43.71,0.0,41.5,24,0
2026-05-21 09:32:55,25,packet_loss,CLOUD,62.76,1,5.21,1064.1,0.0,16.39,43.72,13.6,41.5,25,0
2026-05-21 09:32:58,26,packet_loss,CLOUD,55.21,1,2.07,1099.76,0.0,20.34,43.74,26.0,41.5,26,0
2026-05-21 09:33:00,27,packet_loss,CLOUD,75.22,1,2.39,1119.24,0.0,65.57,43.77,17.5,42.0,27,0
2026-05-21 09:33:03,28,packet_loss,CLOUD,72.67,1,3.77,1084.26,0.0,34.92,44.77,40.8,42.0,28,0
2026-05-21 09:33:05,29,packet_loss,CLOUD,85.36,1,3.9,1115.23,0.0,21.31,44.78,15.7,42.0,29,0
2026-05-21 09:33:07,30,packet_loss,CLOUD,89.04,1,6.1,1101.12,0.0,40.68,44.52,0.0,42.0,30,0
2026-05-21 09:33:10,31,packet_loss,CLOUD,68.36,1,4.93,1027.47,0.0,31.67,44.96,14.1,42.0,31,0
2026-05-21 09:33:12,32,packet_loss,CLOUD,77.51,1,3.88,1072.1,0.0,12.07,45.47,0.0,42.0,32,0
2026-05-21 09:33:15,33,packet_loss,CLOUD,66.03,1,2.04,1095.94,0.0,22.58,45.6,0.0,42.0,33,0
2026-05-21 09:33:18,34,packet_loss,CLOUD,69.51,1,2.02,571.33,0.0,11.67,45.61,0.0,41.5,34,0
2026-05-21 09:33:20,35,packet_loss,CLOUD,57.29,1,0.76,1114.27,0.0,15.25,45.62,0.0,41.5,35,0
2026-05-21 09:33:23,36,packet_loss,CLOUD,56.26,1,3.8,587.87,0.0,6.9,45.65,0.0,41.5,36,0
2026-05-21 09:33:26,37,packet_loss,CLOUD,1077.88,1,0.86,1122.37,0.0,25.81,45.66,0.0,41.5,37,0
2026-05-21 09:33:30,38,packet_loss,CLOUD,56.27,1,0.8,1129.01,33.0,13.56,45.7,0.0,42.0,38,0
2026-05-21 09:33:32,39,packet_loss,CLOUD,75.45,1,0.84,1119.14,0.0,16.13,45.71,0.0,41.5,39,0
2026-05-21 09:33:35,40,packet_loss,CLOUD,71.37,1,0.75,1119.35,0.0,14.75,45.72,0.0,41.5,40,0
2026-05-21 09:33:37,41,packet_loss,CLOUD,55.5,1,0.91,1104.05,0.0,13.33,45.73,0.0,41.5,41,0
2026-05-21 09:33:40,42,packet_loss,CLOUD,67.45,1,0.84,1089.26,33.0,14.75,45.75,0.0,41.5,42,0
2026-05-21 09:33:44,43,packet_loss,CLOUD,64.16,1,0.87,206.97,0.0,13.11,45.57,0.0,42.0,43,0
2026-05-21 09:33:46,44,packet_loss,CLOUD,58.3,1,0.79,1128.89,0.0,13.11,45.56,0.0,42.0,44,0
2026-05-21 09:33:50,45,packet_loss,CLOUD,62.78,1,0.77,205.26,0.0,15.0,45.56,0.0,41.5,45,0
2026-05-21 09:33:53,46,packet_loss,CLOUD,56.52,1,0.74,1127.73,33.0,20.0,45.65,67.1,42.0,46,0
2026-05-21 09:33:56,47,packet_loss,CLOUD,73.19,1,0.78,1095.26,0.0,28.81,45.6,3.0,41.5,47,0
2026-05-21 09:33:58,48,packet_loss,CLOUD,54.43,1,0.89,1125.97,0.0,16.13,45.61,0.0,41.5,48,0
2026-05-21 09:34:02,49,packet_loss,CLOUD,409.34,1,2.64,309.36,0.0,18.64,45.63,0.0,42.0,49,0
2026-05-21 09:34:04,50,packet_loss,CLOUD,73.47,1,30.66,971.52,0.0,45.31,45.74,34.2,42.0,50,0
2026-05-21 09:34:07,51,packet_loss,CLOUD,64.4,1,7.54,1125.35,0.0,8.47,45.98,0.0,42.0,51,0
2026-05-21 09:34:09,52,packet_loss,CLOUD,56.42,1,0.84,1117.37,0.0,11.86,45.96,0.0,41.5,52,0
2026-05-21 09:34:12,53,packet_loss,CLOUD,65.94,1,0.75,1119.61,0.0,10.17,45.79,0.0,41.5,53,0
2026-05-21 09:34:15,54,packet_loss,CLOUD,59.96,1,0.9,1121.21,33.0,16.39,45.78,0.0,41.5,54,0
2026-05-21 09:34:18,55,packet_loss,CLOUD,64.12,1,0.76,1126.77,0.0,10.17,45.79,0.0,41.5,55,0
2026-05-21 09:34:20,56,packet_loss,CLOUD,64.34,1,0.76,1117.84,0.0,14.75,45.8,0.0,41.0,56,0
2026-05-21 09:34:22,57,packet_loss,CLOUD,65.95,1,0.74,1123.94,0.0,11.67,45.81,0.0,41.5,57,0
2026-05-21 09:34:25,58,packet_loss,CLOUD,63.92,1,0.8,1114.22,0.0,13.56,45.64,0.0,41.5,58,0
2026-05-21 09:34:28,59,packet_loss,CLOUD,54.37,1,0.86,1123.93,33.0,25.42,45.67,40.6,41.5,59,0
2026-05-21 09:34:31,60,packet_loss,CLOUD,62.7,1,0.77,1121.05,0.0,13.11,45.65,0.0,41.5,60,0
2026-05-21 09:34:33,61,packet_loss,CLOUD,67.99,1,0.75,1128.81,0.0,8.47,45.73,0.0,41.5,61,0
2026-05-21 09:34:36,62,packet_loss,CLOUD,64.83,1,0.84,1108.15,0.0,13.33,45.75,0.0,41.5,62,0
2026-05-21 09:34:38,63,packet_loss,CLOUD,64.53,1,0.83,1122.51,0.0,15.52,45.78,0.0,41.5,63,0
2026-05-21 09:34:41,64,packet_loss,CLOUD,65.68,1,0.79,1118.38,0.0,8.47,45.73,0.0,41.5,64,0
2026-05-21 09:34:43,65,packet_loss,CLOUD,52.69,1,0.77,1124.07,0.0,15.0,45.79,0.0,41.5,65,0
2026-05-21 09:34:46,66,packet_loss,CLOUD,63.3,1,0.81,1126.7,0.0,23.73,45.8,10.9,41.5,66,0
2026-05-21 09:34:48,67,packet_loss,CLOUD,50.33,1,0.78,587.5,0.0,15.25,45.78,0.0,41.5,67,0
2026-05-21 09:34:51,68,packet_loss,CLOUD,51.94,1,0.82,1115.27,0.0,10.17,45.79,0.0,41.5,68,0
2026-05-21 09:34:53,69,packet_loss,CLOUD,62.06,1,0.81,1127.49,0.0,26.23,45.89,33.5,41.5,69,0
2026-05-21 09:34:57,70,packet_loss,CLOUD,63.15,1,0.85,1115.67,33.0,9.84,45.83,0.0,41.0,70,0
2026-05-21 09:34:59,71,packet_loss,CLOUD,61.63,1,0.74,1123.89,0.0,12.07,45.84,0.0,41.0,71,0
2026-05-21 09:35:02,72,packet_loss,CLOUD,55.53,1,0.83,1121.81,0.0,11.67,45.86,0.0,41.0,72,0
2026-05-21 09:36:28,1,low_bandwidth,CLOUD,163.52,1,0.78,1121.11,0.0,14.75,46.42,0.0,41.0,1,0
2026-05-21 09:36:31,2,low_bandwidth,CLOUD,54.79,1,0.79,1118.64,0.0,16.13,46.44,0.0,41.0,2,0
2026-05-21 09:36:33,3,low_bandwidth,CLOUD,70.54,1,0.76,1119.97,0.0,14.75,46.56,0.0,41.0,3,0
2026-05-21 09:36:36,4,low_bandwidth,CLOUD,68.09,1,56.6,772.33,0.0,13.33,46.58,0.0,41.0,4,0
2026-05-21 09:36:39,5,low_bandwidth,CLOUD,767.66,1,0.71,675.43,0.0,10.0,46.62,0.0,41.0,5,0
2026-05-21 09:36:46,6,low_bandwidth,CLOUD,919.43,1,335.67,73.33,0.0,12.07,46.69,0.0,41.0,6,0
2026-05-21 09:36:51,7,low_bandwidth,CLOUD,382.44,1,372.53,123.52,0.0,13.33,46.92,0.0,40.5,7,0
2026-05-21 09:36:55,8,low_bandwidth,CLOUD,434.77,1,104.15,166.6,0.0,11.67,46.79,0.0,41.0,8,0
2026-05-21 09:37:00,9,low_bandwidth,CLOUD,475.6,1,126.69,166.04,0.0,11.86,46.72,0.0,41.0,9,0
2026-05-21 09:37:02,10,low_bandwidth,CLOUD,61.58,1,45.14,1112.22,0.0,11.86,46.74,0.0,40.5,10,0
2026-05-21 09:37:05,11,low_bandwidth,CLOUD,64.26,1,0.83,1122.97,0.0,11.48,46.74,0.0,41.0,11,0
2026-05-21 09:37:08,12,low_bandwidth,CLOUD,372.16,1,54.54,204.64,0.0,13.11,46.56,0.0,41.0,12,0
2026-05-21 09:37:11,13,low_bandwidth,CLOUD,54.61,1,33.55,1116.62,0.0,16.67,46.56,0.0,41.0,13,0
2026-05-21 09:37:13,14,low_bandwidth,CLOUD,55.24,1,0.77,1124.72,0.0,15.87,46.59,0.0,41.0,14,0
2026-05-21 09:37:19,15,low_bandwidth,CLOUD,987.45,1,36.48,109.72,0.0,14.75,46.6,0.0,41.0,15,0
2026-05-21 09:37:25,16,low_bandwidth,CLOUD,317.22,1,349.67,69.46,0.0,16.39,46.63,0.0,40.5,16,0
2026-05-21 09:37:31,17,low_bandwidth,CLOUD,919.08,1,115.92,88.01,0.0,8.33,46.66,0.0,41.0,17,0
2026-05-21 09:37:38,18,low_bandwidth,CLOUD,862.64,1,302.3,77.15,0.0,16.39,46.7,0.0,40.5,18,0
2026-05-21 09:37:43,19,low_bandwidth,CLOUD,506.18,1,223.24,126.23,0.0,18.03,46.75,0.0,40.5,19,0
2026-05-21 09:37:48,20,low_bandwidth,CLOUD,578.05,1,161.26,122.96,0.0,16.13,46.76,0.0,40.5,20,0
2026-05-21 09:37:52,21,low_bandwidth,CLOUD,340.46,1,182.43,211.3,0.0,6.67,46.61,0.0,41.0,21,0
2026-05-21 09:37:55,22,low_bandwidth,CLOUD,296.41,1,71.02,234.46,0.0,19.35,46.58,0.0,40.5,22,0
2026-05-21 09:37:59,23,low_bandwidth,CLOUD,395.93,1,81.86,205.56,0.0,13.33,46.59,0.0,40.5,23,0
2026-05-21 09:38:03,24,low_bandwidth,CLOUD,270.47,1,156.09,235.1,0.0,18.33,46.61,0.0,40.5,24,0
2026-05-21 09:38:07,25,low_bandwidth,CLOUD,313.24,1,70.53,233.56,0.0,12.9,46.62,0.0,40.5,25,0
2026-05-21 09:38:11,26,low_bandwidth,CLOUD,379.94,1,85.71,200.73,0.0,15.0,46.67,3.0,40.5,26,0
2026-05-21 09:38:15,27,low_bandwidth,CLOUD,269.14,1,150.47,178.45,0.0,15.25,46.78,1.8,40.5,27,0
2026-05-21 09:38:19,28,low_bandwidth,CLOUD,401.36,1,82.8,194.49,0.0,11.48,46.71,0.0,40.5,28,0
2026-05-21 09:38:23,29,low_bandwidth,CLOUD,58.3,1,125.6,140.15,0.0,18.64,46.71,0.0,40.5,29,0
2026-05-21 09:38:25,30,low_bandwidth,CLOUD,62.7,1,0.85,1107.5,0.0,13.11,46.73,0.0,40.5,30,0
2026-05-21 09:38:29,31,low_bandwidth,CLOUD,882.58,1,69.51,264.32,0.0,11.48,46.77,0.0,40.0,31,0
2026-05-21 09:38:36,32,low_bandwidth,CLOUD,859.65,1,193.03,75.07,0.0,13.33,46.59,0.0,40.5,32,0
2026-05-21 09:38:43,33,low_bandwidth,CLOUD,843.78,1,279.61,62.54,0.0,13.56,46.59,0.0,40.5,33,0
2026-05-21 09:38:47,34,low_bandwidth,CLOUD,218.16,1,244.05,351.96,0.0,13.33,46.61,0.0,40.5,34,0
2026-05-21 09:38:49,35,low_bandwidth,CLOUD,67.91,1,38.99,429.41,0.0,11.86,46.62,0.0,40.5,35,0
2026-05-21 09:38:52,36,low_bandwidth,CLOUD,226.35,1,0.85,1120.85,0.0,13.11,46.65,0.0,40.5,36,0
2026-05-21 09:38:55,37,low_bandwidth,CLOUD,67.18,1,18.08,1114.49,0.0,13.11,46.66,0.0,40.0,37,0
2026-05-21 09:38:57,38,low_bandwidth,CLOUD,63.24,1,0.85,1117.66,0.0,13.11,46.68,0.0,40.0,38,0
2026-05-21 09:39:03,39,low_bandwidth,CLOUD,858.75,1,67.45,86.06,0.0,13.33,46.7,0.0,40.5,39,0
2026-05-21 09:39:08,40,low_bandwidth,CLOUD,327.14,1,295.77,113.06,0.0,13.56,46.71,0.0,40.5,40,0
2026-05-21 09:39:12,41,low_bandwidth,CLOUD,466.97,1,103.21,184.14,0.0,14.75,46.73,0.0,40.5,41,0
2026-05-21 09:39:16,42,low_bandwidth,CLOUD,437.72,1,117.12,168.87,0.0,13.33,46.75,0.0,40.5,42,0
2026-05-21 09:39:20,43,low_bandwidth,CLOUD,63.66,1,131.41,175.26,0.0,13.33,46.57,0.0,40.5,43,0
2026-05-21 09:39:23,44,low_bandwidth,CLOUD,63.73,1,0.79,1115.38,0.0,11.48,46.56,0.0,40.0,44,0
2026-05-21 09:39:25,45,low_bandwidth,CLOUD,63.5,1,0.81,1110.77,0.0,13.33,46.57,0.0,40.5,45,0
2026-05-21 09:39:29,46,low_bandwidth,CLOUD,459.15,1,14.36,255.53,0.0,13.33,46.59,0.0,40.5,46,0
2026-05-21 09:39:33,47,low_bandwidth,CLOUD,354.81,1,148.45,212.77,0.0,13.11,46.72,0.0,40.0,47,0
2026-05-21 09:39:37,48,low_bandwidth,CLOUD,387.32,1,99.6,190.59,0.0,19.05,46.73,0.0,40.0,48,0
2026-05-21 09:39:41,49,low_bandwidth,CLOUD,571.72,1,120.73,126.61,0.0,19.3,46.77,8.2,40.0,49,0
2026-05-21 09:39:46,50,low_bandwidth,CLOUD,533.04,1,187.93,130.8,0.0,15.0,46.79,0.0,40.0,50,0
2026-05-21 09:42:58,1,combined_bad,CLOUD,1489.6,1,101.2,222.15,0.0,10.34,46.56,0.0,40.0,1,0
2026-05-21 09:43:03,2,combined_bad,CLOUD,362.42,1,100.97,222.33,33.0,8.47,46.58,0.0,40.0,2,0
2026-05-21 09:43:07,3,combined_bad,CLOUD,362.21,1,100.92,221.74,0.0,16.39,46.71,0.0,40.0,3,0
2026-05-21 09:43:10,4,combined_bad,CLOUD,349.79,1,101.01,222.04,0.0,21.88,46.73,0.0,39.5,4,0
2026-05-21 09:43:14,5,combined_bad,CLOUD,352.79,1,101.07,222.43,0.0,13.56,46.75,0.0,39.5,5,0
2026-05-21 09:43:18,6,combined_bad,CLOUD,351.84,1,100.99,222.33,0.0,9.84,46.81,0.0,40.0,6,0
2026-05-21 09:43:22,7,combined_bad,CLOUD,354.61,1,100.86,222.55,0.0,14.75,46.82,0.0,40.0,7,0
2026-05-21 09:43:25,8,combined_bad,CLOUD,350.96,1,100.89,222.44,0.0,15.52,46.82,3.0,39.5,8,0
2026-05-21 09:43:29,9,combined_bad,CLOUD,356.31,1,101.02,222.57,0.0,13.11,46.66,0.0,40.0,9,0
2026-05-21 09:43:33,10,combined_bad,CLOUD,355.02,1,101.1,221.79,0.0,11.48,46.65,0.0,39.5,10,0
2026-05-21 09:43:37,11,combined_bad,CLOUD,351.71,1,100.95,221.65,0.0,15.0,46.68,0.0,39.5,11,0
2026-05-21 09:43:40,12,combined_bad,CLOUD,361.45,1,101.02,221.58,0.0,15.0,46.7,0.0,39.5,12,0
2026-05-21 09:43:44,13,combined_bad,CLOUD,359.29,1,101.06,222.15,0.0,11.67,46.72,0.0,39.5,13,0
2026-05-21 09:43:48,14,combined_bad,CLOUD,362.89,1,101.04,222.12,0.0,10.17,46.74,0.0,39.5,14,0
2026-05-21 09:43:52,15,combined_bad,CLOUD,369.59,1,100.97,222.33,0.0,11.86,46.79,0.0,39.5,15,0
2026-05-21 09:43:55,16,combined_bad,CLOUD,366.92,1,100.92,221.74,0.0,14.75,46.78,0.0,39.5,16,0
2026-05-21 09:43:59,17,combined_bad,CLOUD,350.92,1,101.02,222.22,0.0,11.86,46.8,0.0,39.5,17,0
2026-05-21 09:44:04,18,combined_bad,CLOUD,762.56,1,101.0,221.77,33.0,13.33,46.82,0.0,39.5,18,0
2026-05-21 09:44:08,19,combined_bad,CLOUD,351.52,1,100.98,215.24,0.0,10.17,46.87,0.0,39.5,19,0
2026-05-21 09:44:12,20,combined_bad,CLOUD,352.64,1,100.89,222.0,0.0,22.95,46.8,0.0,40.0,20,0
2026-05-21 09:44:16,21,combined_bad,CLOUD,358.94,1,101.03,221.67,0.0,13.33,46.71,0.0,39.5,21,0
2026-05-21 09:44:19,22,combined_bad,CLOUD,349.96,1,100.98,222.11,0.0,10.0,46.7,0.0,39.5,22,0
2026-05-21 09:44:23,23,combined_bad,CLOUD,476.51,1,101.08,220.95,0.0,17.74,46.71,0.0,39.5,23,0
2026-05-21 09:44:27,24,combined_bad,CLOUD,349.85,1,101.06,221.8,0.0,9.84,46.74,0.0,39.5,24,0
2026-05-21 09:44:32,25,combined_bad,CLOUD,361.29,1,101.02,221.79,33.0,11.86,46.76,0.0,39.0,25,0
2026-05-21 09:44:35,26,combined_bad,CLOUD,369.06,1,100.95,214.99,0.0,11.67,46.78,0.0,39.5,26,0
2026-05-21 09:44:39,27,combined_bad,CLOUD,365.62,1,101.04,221.33,0.0,12.07,46.8,0.0,39.5,27,0
2026-05-21 09:44:43,28,combined_bad,CLOUD,361.93,1,100.97,222.37,0.0,12.9,46.82,0.0,39.5,28,0
2026-05-21 09:44:48,29,combined_bad,CLOUD,1362.7,1,101.01,221.71,0.0,13.56,46.84,0.0,39.0,29,0
2026-05-21 09:44:52,30,combined_bad,CLOUD,356.1,1,101.0,222.41,0.0,8.62,46.85,0.0,39.5,30,0
2026-05-21 09:44:55,31,combined_bad,CLOUD,364.73,1,101.08,222.63,0.0,11.48,46.69,0.0,39.5,31,0
2026-05-21 09:44:59,32,combined_bad,CLOUD,351.78,1,100.98,222.08,0.0,17.74,46.68,0.0,39.5,32,0
2026-05-21 09:45:03,33,combined_bad,CLOUD,352.71,1,100.96,170.69,0.0,13.11,46.7,0.0,39.5,33,0
2026-05-21 09:45:07,34,combined_bad,CLOUD,365.64,1,100.93,224.0,0.0,15.25,46.71,0.5,39.5,34,0
2026-05-21 09:45:11,35,combined_bad,CLOUD,357.91,1,100.89,224.18,0.0,14.75,46.74,0.0,39.5,35,0
2026-05-21 09:45:15,36,combined_bad,CLOUD,762.31,1,101.0,223.5,0.0,10.34,46.76,0.0,39.5,36,0
2026-05-21 09:45:19,37,combined_bad,CLOUD,362.67,1,101.05,224.14,0.0,13.11,46.79,0.0,39.5,37,0
2026-05-21 09:45:23,38,combined_bad,CLOUD,1365.85,1,101.04,224.66,0.0,10.17,46.81,0.0,39.0,38,0
2026-05-21 09:45:27,39,combined_bad,CLOUD,350.59,1,100.95,223.94,0.0,10.17,46.83,0.0,39.5,39,0
2026-05-21 09:45:31,40,combined_bad,CLOUD,349.64,1,100.83,223.51,0.0,17.46,46.85,0.0,39.0,40,0
2026-05-21 09:45:35,41,combined_bad,CLOUD,363.9,1,100.99,224.35,0.0,17.74,46.87,11.6,39.0,41,0
2026-05-21 09:45:38,42,combined_bad,CLOUD,368.72,1,101.1,224.24,0.0,52.54,46.78,0.0,39.5,42,0
2026-05-21 09:45:42,43,combined_bad,CLOUD,366.67,1,100.94,224.09,0.0,13.33,46.68,0.0,39.0,43,0
2026-05-21 09:45:46,44,combined_bad,CLOUD,362.54,1,100.91,223.48,0.0,16.39,46.7,0.0,39.5,44,0
2026-05-21 09:45:50,45,combined_bad,CLOUD,350.1,1,100.96,177.12,0.0,10.0,46.72,0.0,39.0,45,0
2026-05-21 09:46:48,1,cpu_stress,CLOUD,169.77,1,0.79,1132.39,0.0,63.33,46.86,0.0,41.0,1,0
2026-05-21 09:46:50,2,cpu_stress,CLOUD,68.79,1,0.81,1132.42,0.0,57.63,46.92,0.0,41.0,2,0
2026-05-21 09:46:53,3,cpu_stress,CLOUD,64.56,1,0.77,1131.4,0.0,54.1,47.01,0.0,41.5,3,0
2026-05-21 09:46:55,4,cpu_stress,CLOUD,67.11,1,0.78,1127.23,0.0,57.38,47.0,0.0,41.5,4,0
2026-05-21 09:46:58,5,cpu_stress,CLOUD,61.21,1,0.98,1131.36,0.0,61.02,47.06,0.0,41.5,5,0
2026-05-21 09:47:00,6,cpu_stress,CLOUD,72.09,1,0.79,1131.34,0.0,66.67,46.92,0.0,41.5,6,0
2026-05-21 09:47:03,7,cpu_stress,CLOUD,61.51,1,0.79,1129.68,0.0,55.0,46.88,0.0,41.5,7,0
2026-05-21 09:47:05,8,cpu_stress,CLOUD,58.07,1,0.84,1132.85,0.0,55.74,46.88,0.0,41.5,8,0
2026-05-21 09:47:08,9,cpu_stress,CLOUD,61.05,1,0.74,1132.87,0.0,53.33,46.88,0.0,41.5,9,0
2026-05-21 09:47:10,10,cpu_stress,CLOUD,66.65,1,0.64,1133.09,0.0,58.06,46.9,0.0,41.5,10,0
2026-05-21 09:47:13,11,cpu_stress,CLOUD,63.62,1,0.79,1132.09,0.0,47.46,47.02,0.0,41.5,11,0
2026-05-21 09:47:15,12,cpu_stress,CLOUD,61.56,1,0.69,1131.31,0.0,63.93,46.94,23.6,42.0,12,0
2026-05-21 09:47:17,13,cpu_stress,CLOUD,50.46,1,0.75,1128.75,0.0,59.68,46.95,0.0,42.0,13,0
2026-05-21 09:47:20,14,cpu_stress,CLOUD,71.7,1,0.76,1131.43,0.0,61.67,46.95,0.0,42.0,14,0
2026-05-21 09:47:23,15,cpu_stress,CLOUD,79.85,1,0.76,1129.74,0.0,59.32,46.95,3.0,42.0,15,0
2026-05-21 09:47:25,16,cpu_stress,CLOUD,68.59,1,0.81,1132.93,0.0,61.29,46.97,0.0,42.0,16,0
2026-05-21 09:47:27,17,cpu_stress,CLOUD,56.68,1,0.74,1130.32,0.0,58.06,46.99,0.0,42.0,17,0
2026-05-21 09:47:30,18,cpu_stress,CLOUD,70.31,1,0.79,1131.78,0.0,67.21,47.1,3.0,42.0,18,0
2026-05-21 09:47:32,19,cpu_stress,CLOUD,79.89,1,0.78,1131.22,0.0,55.0,47.0,0.0,42.0,19,0
2026-05-21 09:47:35,20,cpu_stress,CLOUD,77.48,1,0.75,1130.68,0.0,61.67,47.02,15.6,42.5,20,0
2026-05-21 09:47:37,21,cpu_stress,CLOUD,74.16,1,0.79,1130.33,0.0,66.67,47.03,1.2,42.5,21,0
2026-05-21 09:47:40,22,cpu_stress,CLOUD,79.39,1,0.78,1131.81,0.0,66.1,47.05,0.0,42.5,22,0
2026-05-21 09:47:42,23,cpu_stress,CLOUD,66.79,1,0.75,1132.03,0.0,55.93,47.06,0.0,42.5,23,0
2026-05-21 09:47:45,24,cpu_stress,CLOUD,83.9,1,0.8,1129.71,0.0,65.0,47.11,0.0,42.5,24,0
2026-05-21 09:47:47,25,cpu_stress,CLOUD,70.36,1,0.66,1124.96,0.0,57.38,46.89,0.0,42.5,25,0
2026-05-21 09:47:50,26,cpu_stress,CLOUD,71.65,1,0.79,1131.8,0.0,58.33,46.86,0.0,43.0,26,0
2026-05-21 09:47:52,27,cpu_stress,CLOUD,70.89,1,0.82,1132.03,0.0,61.29,46.87,0.0,42.5,27,0
2026-05-21 09:47:55,28,cpu_stress,CLOUD,68.92,1,0.79,1133.17,0.0,55.0,46.88,0.0,42.5,28,0
2026-05-21 09:47:57,29,cpu_stress,CLOUD,72.86,1,0.77,1129.75,0.0,57.63,46.89,0.0,42.5,29,0
2026-05-21 09:48:00,30,cpu_stress,CLOUD,60.89,1,0.8,1129.73,0.0,58.33,46.9,0.0,42.5,30,0
2026-05-21 09:48:02,31,cpu_stress,CLOUD,52.22,1,0.78,1133.21,0.0,57.38,46.92,4.3,42.5,31,0
2026-05-21 09:48:05,32,cpu_stress,CLOUD,66.31,1,0.72,1131.65,0.0,63.33,46.94,0.0,42.5,32,0
2026-05-21 09:48:07,33,cpu_stress,CLOUD,70.53,1,0.77,1132.4,0.0,56.67,46.95,0.0,43.0,33,0
2026-05-21 09:48:10,34,cpu_stress,CLOUD,64.82,1,0.77,1133.39,0.0,55.74,46.97,0.0,42.5,34,0
2026-05-21 09:48:12,35,cpu_stress,CLOUD,61.57,1,0.69,1132.68,0.0,56.67,46.98,12.8,43.0,35,0
2026-05-21 09:48:15,36,cpu_stress,CLOUD,73.13,1,0.73,1131.59,0.0,58.33,46.99,0.0,42.5,36,0
2026-05-21 09:48:17,37,cpu_stress,CLOUD,80.84,1,0.72,1131.68,0.0,58.33,47.01,0.0,43.0,37,0
2026-05-21 09:48:20,38,cpu_stress,CLOUD,71.11,1,0.71,1130.11,0.0,54.24,47.01,0.0,43.0,38,0
2026-05-21 09:48:22,39,cpu_stress,CLOUD,77.3,1,0.75,1127.32,0.0,61.9,47.02,0.0,43.0,39,0
2026-05-21 09:48:25,40,cpu_stress,CLOUD,66.97,1,0.75,1131.7,0.0,59.32,47.03,0.0,43.0,40,0
2026-05-21 09:48:27,41,cpu_stress,CLOUD,68.18,1,0.74,1129.52,0.0,56.67,47.08,0.0,43.0,41,0
2026-05-21 09:48:30,42,cpu_stress,CLOUD,68.96,1,0.73,1129.68,0.0,65.0,47.08,0.0,43.0,42,0
2026-05-21 09:48:32,43,cpu_stress,CLOUD,66.95,1,0.78,1128.16,0.0,62.71,47.09,0.0,43.5,43,0
2026-05-21 09:48:34,44,cpu_stress,CLOUD,66.6,1,0.71,1132.12,0.0,59.02,47.1,0.0,43.5,44,0
2026-05-21 09:48:37,45,cpu_stress,CLOUD,69.02,1,0.8,1131.81,0.0,57.38,47.1,0.0,43.5,45,0
2026-05-21 09:48:39,46,cpu_stress,CLOUD,70.51,1,0.7,1131.37,0.0,57.63,47.13,0.0,43.5,46,0
2026-05-21 09:48:42,47,cpu_stress,CLOUD,72.48,1,0.74,1132.19,0.0,61.67,47.14,0.0,43.5,47,0
2026-05-21 09:48:44,48,cpu_stress,CLOUD,70.14,1,0.75,1132.54,0.0,66.67,46.88,0.0,44.0,48,0
2026-05-21 09:48:47,49,cpu_stress,CLOUD,63.17,1,0.82,1129.04,0.0,66.67,46.86,0.0,43.0,49,0
2026-05-21 09:48:49,50,cpu_stress,CLOUD,71.31,1,0.82,1132.07,0.0,56.67,46.87,9.3,43.5,50,0
2026-05-21 11:51:34,1,ideal,CLOUD,56.96,1,5.96,780.48,0.0,66.67,83.48,20.4,43.5,1,0
2026-05-21 11:51:37,2,ideal,CLOUD,93.03,1,7.04,680.5,0.0,66.67,83.47,0.0,43.5,2,0
2026-05-21 11:51:39,3,ideal,CLOUD,59.13,1,19.33,659.12,0.0,62.9,83.47,0.0,43.5,3,0
2026-05-21 11:51:42,4,ideal,CLOUD,139.31,1,13.59,885.18,0.0,61.02,83.49,0.0,44.0,4,0
2026-05-21 11:51:45,5,ideal,CLOUD,94.41,1,15.71,656.76,0.0,53.33,83.49,0.0,44.0,5,0
2026-05-21 11:51:47,6,ideal,CLOUD,98.62,1,14.47,701.05,0.0,65.52,83.49,9.0,44.0,6,0
2026-05-21 13:12:39,1,ideal,CLOUD,88.24,1,16.32,757.27,0.0,60.66,79.3,0.0,42.5,1,0
2026-05-21 13:12:42,2,ideal,CLOUD,80.76,1,21.44,709.16,0.0,56.67,79.3,0.0,42.5,2,0
2026-05-21 13:12:44,3,ideal,CLOUD,138.49,1,7.35,689.53,0.0,66.1,79.31,4.6,42.5,3,0
2026-05-21 13:12:47,4,ideal,CLOUD,106.26,1,7.72,823.13,0.0,66.1,79.43,0.0,42.5,4,0
2026-05-21 13:12:50,5,ideal,CLOUD,84.1,1,14.49,912.12,0.0,56.67,79.3,0.0,42.5,5,0
2026-05-21 13:12:52,6,ideal,CLOUD,74.04,1,20.95,722.35,0.0,66.67,79.31,13.8,42.5,6,0
2026-05-21 13:16:50,1,ideal,CLOUD,87.61,1,9.51,907.76,0.0,53.33,77.48,0.0,46.5,1,0
2026-05-21 13:16:52,2,ideal,CLOUD,122.14,1,15.67,767.27,0.0,46.67,77.51,7.4,46.5,2,0
2026-05-21 13:16:55,3,ideal,CLOUD,88.68,1,20.09,801.81,0.0,60.0,77.55,0.0,46.5,3,0
2026-05-21 13:16:58,4,ideal,CLOUD,169.92,1,7.71,788.9,0.0,55.74,77.52,12.4,46.5,4,0
2026-05-21 13:17:00,5,ideal,CLOUD,159.5,1,0.59,759.25,0.0,67.21,77.64,6.2,46.5,5,0
2026-05-21 13:17:03,6,ideal,CLOUD,122.14,1,11.32,780.21,0.0,21.31,77.45,0.0,46.0,6,0
2026-05-21 13:17:05,7,ideal,CLOUD,145.32,1,16.06,725.35,0.0,30.65,77.36,0.0,46.0,7,0
2026-05-21 13:21:01,1,ideal,CLOUD,136.8,1,7.26,692.31,0.0,67.21,74.08,5.2,45.0,1,0
2026-05-21 13:21:03,2,ideal,CLOUD,143.5,1,7.87,682.89,0.0,62.9,74.11,8.0,45.0,2,0
2026-05-21 13:21:06,3,ideal,CLOUD,188.22,1,16.91,540.64,0.0,40.68,74.14,0.0,45.0,3,0
2026-05-21 13:21:09,4,ideal,CLOUD,135.16,1,18.14,692.05,0.0,64.41,74.14,17.3,45.0,4,0
2026-05-21 13:21:12,5,ideal,CLOUD,124.69,1,0.48,681.12,0.0,66.13,74.13,2.1,45.0,5,0
2026-05-21 13:21:14,6,ideal,CLOUD,69.67,1,7.34,845.75,0.0,58.33,74.15,44.2,45.0,6,0
2026-05-21 13:21:17,7,ideal,CLOUD,107.23,1,7.46,835.75,0.0,55.93,74.24,0.0,45.0,7,0
2026-05-21 13:21:20,8,ideal,CLOUD,179.13,1,26.94,690.62,0.0,59.02,74.29,0.0,45.0,8,0
2026-05-21 13:21:22,9,ideal,CLOUD,71.81,1,25.92,902.78,0.0,62.07,74.24,20.6,45.5,9,0
2026-05-21 13:21:25,10,ideal,CLOUD,74.13,1,13.57,869.65,0.0,61.02,74.24,0.0,45.0,10,0
2026-05-21 13:21:27,11,ideal,CLOUD,75.22,1,8.61,706.18,0.0,67.21,74.22,0.0,45.5,11,0
2026-05-21 13:21:30,12,ideal,CLOUD,85.26,1,21.09,753.81,0.0,55.0,74.23,0.0,45.5,12,0
2026-05-21 13:21:33,13,ideal,CLOUD,117.78,1,16.09,622.79,0.0,55.93,74.23,4.3,45.0,13,0
2026-05-21 13:21:35,14,ideal,CLOUD,125.19,1,22.71,777.19,0.0,46.67,74.24,51.2,45.0,14,0
2026-05-21 13:21:38,15,ideal,CLOUD,89.02,1,7.63,895.95,0.0,60.66,74.26,0.0,45.0,15,0
2026-05-21 13:21:40,16,ideal,CLOUD,126.18,1,12.37,686.59,0.0,65.0,74.24,19.1,45.5,16,0
2026-05-21 13:21:43,17,ideal,CLOUD,125.8,1,8.06,681.59,0.0,63.93,74.27,3.8,45.5,17,0
2026-05-21 13:21:46,18,ideal,CLOUD,116.39,1,7.64,691.21,0.0,24.59,73.99,11.2,45.5,18,0
2026-05-21 13:21:48,19,ideal,CLOUD,77.77,1,18.88,677.01,0.0,13.56,73.98,0.0,45.0,19,0
