timestamp,event,reason,rtt_ms,bandwidth_kbps,error_rate_pct,inference_ms,consecutive_errors,recovery_polls
2026-05-20 12:32:32,LOCKED,cloud_infer failed 3x consecutively,47.56,137.79,0.00,0.00,3,
2026-05-20 12:32:42,RECOVERED,cloud_infer failed 3x consecutively,82.31,200.29,0.00,0.00,,5
2026-05-20 12:33:37,LOCKED,cloud_infer failed 3x consecutively,64.80,91.73,0.00,0.00,3,
2026-05-20 12:33:50,RECOVERED,cloud_infer failed 3x consecutively,166.68,208.53,0.00,0.00,,5
2026-05-20 12:35:05,LOCKED,cloud_infer failed 3x consecutively,64.28,126.83,0.00,0.00,3,
2026-05-20 12:35:14,RECOVERED,cloud_infer failed 3x consecutively,74.61,139.93,0.00,0.00,,5
2026-05-20 15:00:07,LOCKED,cloud_infer failed 3x consecutively,41.48,183.20,0.00,0.00,3,
2026-05-20 15:00:15,RECOVERED,cloud_infer failed 3x consecutively,0.51,7163.63,0.00,0.00,,5
2026-05-20 15:02:42,LOCKED,cloud_infer failed 3x consecutively,40.83,176.28,0.00,0.00,3,
2026-05-20 15:03:04,RECOVERED,cloud_infer failed 3x consecutively,37.48,160.16,0.00,0.00,,5
2026-05-20 15:03:43,LOCKED,cloud_infer failed 3x consecutively,70.88,201.64,0.00,0.00,3,
2026-05-20 15:03:53,RECOVERED,cloud_infer failed 3x consecutively,37.08,179.73,0.00,0.00,,5
2026-05-20 15:07:00,LOCKED,cloud_infer failed 3x consecutively,42.36,296.27,0.00,0.00,3,
2026-05-20 15:07:09,RECOVERED,cloud_infer failed 3x consecutively,0.51,7284.94,0.00,0.00,,5
2026-05-20 15:07:47,LOCKED,cloud_infer failed 3x consecutively,40.48,166.13,0.00,0.00,3,
2026-05-20 15:07:57,RECOVERED,cloud_infer failed 3x consecutively,0.52,6627.38,0.00,0.00,,5
2026-05-20 15:09:39,LOCKED,cloud_infer failed 3x consecutively,35.76,207.92,25.00,0.00,3,
2026-05-20 15:09:52,RECOVERED,cloud_infer failed 3x consecutively,19.17,170.27,0.00,0.00,,5
2026-05-20 15:10:29,LOCKED,cloud_infer failed 3x consecutively,81.73,182.49,0.00,0.00,3,
2026-05-20 15:10:38,RECOVERED,cloud_infer failed 3x consecutively,0.68,3994.58,0.00,0.00,,5
2026-05-20 15:11:28,LOCKED,cloud_infer failed 3x consecutively,40.64,203.99,0.00,0.00,3,
2026-05-20 15:11:37,RECOVERED,cloud_infer failed 3x consecutively,0.49,7941.88,0.00,0.00,,5
2026-05-20 15:12:14,LOCKED,cloud_infer failed 3x consecutively,38.95,156.39,0.00,0.00,3,
2026-05-20 15:12:24,RECOVERED,cloud_infer failed 3x consecutively,0.55,6610.41,0.00,0.00,,5
2026-05-20 15:13:02,LOCKED,cloud_infer failed 3x consecutively,42.05,180.54,0.00,0.00,3,
2026-05-20 15:13:17,RECOVERED,cloud_infer failed 3x consecutively,0.52,415.74,0.00,0.00,,5
2026-05-20 15:13:53,LOCKED,cloud_infer failed 3x consecutively,40.87,285.58,0.00,0.00,3,
2026-05-20 15:14:03,RECOVERED,cloud_infer failed 3x consecutively,0.59,7783.45,0.00,0.00,,5
2026-05-20 15:15:04,LOCKED,cloud_infer failed 3x consecutively,75.12,191.85,0.00,0.00,3,
2026-05-20 15:15:12,RECOVERED,cloud_infer failed 3x consecutively,0.53,6463.96,0.00,0.00,,5
2026-05-20 15:15:46,LOCKED,cloud_infer failed 3x consecutively,39.16,198.49,0.00,0.00,3,
2026-05-20 15:15:55,RECOVERED,cloud_infer failed 3x consecutively,8.98,8494.79,0.00,0.00,,5
2026-05-20 15:16:29,LOCKED,cloud_infer failed 3x consecutively,113.78,173.28,0.00,0.00,3,
2026-05-20 15:16:37,RECOVERED,cloud_infer failed 3x consecutively,10.71,5252.73,0.00,0.00,,5
2026-05-20 15:17:11,LOCKED,cloud_infer failed 3x consecutively,103.72,175.95,0.00,0.00,3,
2026-05-20 15:17:20,RECOVERED,cloud_infer failed 3x consecutively,0.67,6042.58,0.00,0.00,,5
2026-05-20 15:17:54,LOCKED,cloud_infer failed 3x consecutively,71.68,195.76,0.00,0.00,3,
2026-05-20 15:18:02,RECOVERED,cloud_infer failed 3x consecutively,0.81,5963.11,0.00,0.00,,5
2026-05-20 15:19:07,LOCKED,cloud_infer failed 3x consecutively,42.70,175.94,0.00,0.00,3,
2026-05-20 15:19:16,RECOVERED,cloud_infer failed 3x consecutively,0.81,6192.00,0.00,0.00,,5
2026-05-20 15:20:26,LOCKED,cloud_infer failed 3x consecutively,123.27,172.09,0.00,0.00,3,
2026-05-20 15:20:34,RECOVERED,cloud_infer failed 3x consecutively,0.79,5777.28,0.00,0.00,,5
2026-05-20 15:21:08,LOCKED,cloud_infer failed 3x consecutively,117.89,193.02,0.00,0.00,3,
2026-05-20 15:21:17,RECOVERED,cloud_infer failed 3x consecutively,0.83,1291.75,0.00,0.00,,5
2026-05-20 15:21:51,LOCKED,cloud_infer failed 3x consecutively,78.13,198.25,0.00,0.00,3,
2026-05-20 15:21:59,RECOVERED,cloud_infer failed 3x consecutively,0.81,5761.41,0.00,0.00,,5
2026-05-20 15:22:33,LOCKED,cloud_infer failed 3x consecutively,34.84,199.35,0.00,0.00,3,
2026-05-20 15:22:41,RECOVERED,cloud_infer failed 3x consecutively,21.38,351.78,0.00,0.00,,5
2026-05-20 15:23:27,LOCKED,cloud_infer failed 3x consecutively,82.98,211.94,0.00,0.00,3,
2026-05-20 15:23:36,RECOVERED,cloud_infer failed 3x consecutively,0.80,5649.85,0.00,0.00,,5
2026-05-20 15:24:10,LOCKED,cloud_infer failed 3x consecutively,77.28,188.42,0.00,0.00,3,
2026-05-20 15:24:18,RECOVERED,cloud_infer failed 3x consecutively,0.83,5318.50,0.00,0.00,,5
2026-05-20 15:24:52,LOCKED,cloud_infer failed 3x consecutively,83.20,204.31,0.00,0.00,3,
2026-05-20 15:25:00,RECOVERED,cloud_infer failed 3x consecutively,0.82,5125.16,0.00,0.00,,5
2026-05-20 15:53:23,LOCKED,test: cloud timeout,50.00,500.00,0.00,350.00,,
2026-05-20 15:53:23,LOCKED,first lock,-1.00,0.00,0.00,-1.00,,
2026-05-20 15:53:23,LOCKED,test lock,-1.00,0.00,0.00,-1.00,,
2026-05-20 15:53:23,LOCKED,test lock,-1.00,0.00,0.00,-1.00,,
2026-05-20 15:53:23,RECOVERED,test lock,50.00,500.00,0.00,350.00,,5
2026-05-20 15:53:23,LOCKED,test lock,-1.00,0.00,0.00,-1.00,,
2026-05-20 15:53:23,LOCKED,prop test,-1.00,0.00,0.00,-1.00,,
2026-05-20 15:54:39,LOCKED,test: cloud timeout,50.00,500.00,0.00,350.00,,
2026-05-20 15:54:39,LOCKED,first lock,-1.00,0.00,0.00,-1.00,,
2026-05-20 15:54:39,LOCKED,test lock,-1.00,0.00,0.00,-1.00,,
2026-05-20 15:54:39,LOCKED,test lock,-1.00,0.00,0.00,-1.00,,
2026-05-20 15:54:39,RECOVERED,test lock,50.00,500.00,0.00,350.00,,5
2026-05-20 15:54:39,LOCKED,test lock,-1.00,0.00,0.00,-1.00,,
2026-05-20 15:54:39,LOCKED,prop test,-1.00,0.00,0.00,-1.00,,
2026-05-20 17:15:20,LOCKED,cloud_infer failed 3x consecutively,42.50,182.27,0.00,0.00,3,
2026-05-20 17:15:29,RECOVERED,cloud_infer failed 3x consecutively,10.58,2452.09,0.00,0.00,,5
2026-05-20 17:16:25,LOCKED,cloud_infer failed 3x consecutively,41.80,191.91,0.00,0.00,3,
2026-05-20 17:16:35,RECOVERED,cloud_infer failed 3x consecutively,0.80,5447.15,0.00,0.00,,5
2026-05-20 17:17:09,LOCKED,cloud_infer failed 3x consecutively,41.21,181.87,0.00,0.00,3,
2026-05-20 17:17:17,RECOVERED,cloud_infer failed 3x consecutively,0.82,6552.32,0.00,0.00,,5
2026-05-20 17:17:52,LOCKED,cloud_infer failed 3x consecutively,85.91,157.56,0.00,0.00,3,
2026-05-20 17:18:00,RECOVERED,cloud_infer failed 3x consecutively,0.84,4155.86,0.00,0.00,,5
2026-05-20 17:18:35,LOCKED,cloud_infer failed 3x consecutively,80.77,205.30,0.00,0.00,3,
2026-05-20 17:18:43,RECOVERED,cloud_infer failed 3x consecutively,0.80,4069.18,0.00,0.00,,5
