timestamp,previous_mode,new_mode,trigger_type,rtt_ms,bandwidth_kbps,error_rate_pct,inference_ms,network_ok,bandwidth_ok,polls_confirmed,reason
2026-05-19 16:44:33,LOCAL,CLOUD,HYSTERESIS,59.45,620.61,0.00,-1.00,1,1,3,
2026-05-19 16:53:13,CLOUD,LOCAL,HYSTERESIS,103.78,75.56,0.00,7790.10,1,0,3,
2026-05-19 17:08:03,LOCAL,CLOUD,HYSTERESIS,20.84,2411.21,0.00,122.45,1,1,3,
2026-05-19 17:28:55,LOCAL,CLOUD,HYSTERESIS,0.00,0.00,0.00,102.40,0,0,3,
2026-05-19 17:30:30,LOCAL,CLOUD,HYSTERESIS,0.00,0.00,0.00,-1.00,0,0,3,
2026-05-19 17:32:05,CLOUD,LOCAL,HYSTERESIS,0.00,0.00,0.00,7545.07,0,0,3,
2026-05-19 17:48:06,LOCAL,CLOUD,HYSTERESIS,0.00,0.00,0.00,155.06,0,0,3,
2026-05-19 19:13:37,LOCAL,CLOUD,HYSTERESIS,0.00,0.00,0.00,159.08,0,0,3,
2026-05-19 19:15:50,CLOUD,LOCAL,HYSTERESIS,0.00,0.00,0.00,249.48,0,0,3,
2026-05-19 19:19:16,LOCAL,CLOUD,HYSTERESIS,0.00,0.00,0.00,173.99,0,0,3,
2026-05-19 19:26:01,LOCAL,CLOUD,HYSTERESIS,0.00,0.00,0.00,-1.00,0,0,3,
2026-05-19 19:26:10,CLOUD,LOCAL,HYSTERESIS,0.00,0.00,0.00,7495.72,0,0,3,
2026-05-19 19:39:55,LOCAL,CLOUD,HYSTERESIS,0.00,0.00,0.00,161.43,0,0,3,
2026-05-20 07:30:01,LOCAL,CLOUD,HYSTERESIS,0.00,0.00,100.00,137.33,0,0,3,
2026-05-20 08:44:07,LOCAL,CLOUD,HYSTERESIS,1.91,3145.04,0.00,160.35,1,1,3,
2026-05-20 09:35:07,LOCAL,CLOUD,HYSTERESIS,1.94,615.34,0.00,118.49,1,1,3,
2026-05-20 09:37:56,CLOUD,LOCAL,HYSTERESIS,4.64,1217.95,0.00,229.88,1,1,3,
2026-05-20 09:39:05,LOCAL,CLOUD,HYSTERESIS,1.88,3408.96,0.00,104.57,1,1,3,
2026-05-20 09:40:51,CLOUD,LOCAL,HYSTERESIS,5.33,1218.12,0.00,152.55,1,1,3,
2026-05-20 09:44:13,LOCAL,CLOUD,HYSTERESIS,1.80,2842.63,0.00,130.95,1,1,3,
2026-05-20 09:50:10,CLOUD,LOCAL,HYSTERESIS,4.03,1702.84,0.00,282.71,1,1,3,
2026-05-20 09:51:11,LOCAL,CLOUD,HYSTERESIS,1.88,1032.22,0.00,129.25,1,1,3,
2026-05-20 09:55:19,CLOUD,LOCAL,HYSTERESIS,4.36,1253.95,0.00,142.47,1,1,3,
2026-05-20 09:55:34,LOCAL,CLOUD,HYSTERESIS,2.09,635.01,0.00,110.68,1,1,3,
2026-05-20 12:29:57,LOCAL,CLOUD,HYSTERESIS,61.15,163.37,0.00,114.59,1,1,3,
2026-05-20 12:30:11,CLOUD,LOCAL,HYSTERESIS,74.62,96.56,0.00,217.90,1,0,3,
2026-05-20 12:30:17,LOCAL,CLOUD,HYSTERESIS,71.43,194.99,0.00,171.01,1,1,3,
2026-05-20 12:30:26,CLOUD,LOCAL,HYSTERESIS,82.85,86.55,0.00,177.62,1,0,3,
2026-05-20 12:30:34,LOCAL,CLOUD,HYSTERESIS,46.96,238.10,0.00,180.78,1,1,3,
2026-05-20 12:30:46,CLOUD,LOCAL,HYSTERESIS,80.40,90.67,0.00,225.18,1,0,3,
2026-05-20 12:30:56,LOCAL,CLOUD,HYSTERESIS,63.07,106.51,0.00,187.08,1,1,3,
2026-05-20 12:31:06,CLOUD,LOCAL,HYSTERESIS,81.47,91.26,0.00,227.66,1,0,3,
2026-05-20 12:31:12,LOCAL,CLOUD,HYSTERESIS,54.82,171.36,0.00,178.49,1,1,3,
2026-05-20 12:32:32,CLOUD,LOCAL,FALLBACK,47.56,137.79,0.00,0.00,1,1,0,cloud_infer failed 3x consecutively
2026-05-20 12:32:42,LOCAL,CLOUD,RECOVERY,82.31,200.29,0.00,0.00,1,1,5,cloud_infer failed 3x consecutively
2026-05-20 12:32:48,LOCAL,CLOUD,HYSTERESIS,53.05,262.40,0.00,146.51,1,1,3,
2026-05-20 12:33:37,CLOUD,LOCAL,FALLBACK,64.80,91.73,0.00,0.00,1,0,0,cloud_infer failed 3x consecutively
2026-05-20 12:33:50,LOCAL,CLOUD,RECOVERY,166.68,208.53,0.00,0.00,1,1,5,cloud_infer failed 3x consecutively
2026-05-20 12:33:56,LOCAL,CLOUD,HYSTERESIS,57.25,184.38,0.00,137.81,1,1,3,
2026-05-20 12:34:06,CLOUD,LOCAL,HYSTERESIS,102.50,99.84,0.00,230.74,1,0,3,
2026-05-20 12:34:20,LOCAL,CLOUD,HYSTERESIS,50.02,192.43,0.00,156.94,1,1,3,
2026-05-20 12:34:26,CLOUD,LOCAL,HYSTERESIS,66.44,88.42,0.00,172.30,1,0,3,
2026-05-20 12:34:32,LOCAL,CLOUD,HYSTERESIS,107.46,166.30,0.00,192.22,1,1,3,
2026-05-20 12:35:05,CLOUD,LOCAL,FALLBACK,64.28,126.83,0.00,0.00,1,1,0,cloud_infer failed 3x consecutively
2026-05-20 12:35:14,LOCAL,CLOUD,RECOVERY,74.61,139.93,0.00,0.00,1,1,5,cloud_infer failed 3x consecutively
2026-05-20 12:35:26,LOCAL,CLOUD,HYSTERESIS,63.78,153.17,0.00,153.95,1,1,3,
2026-05-20 12:35:46,CLOUD,LOCAL,HYSTERESIS,78.09,98.10,0.00,250.23,1,0,3,
2026-05-20 12:36:00,LOCAL,CLOUD,HYSTERESIS,57.33,148.42,0.00,191.44,1,1,3,
2026-05-20 12:36:09,CLOUD,LOCAL,HYSTERESIS,79.29,91.68,0.00,178.48,1,0,3,
2026-05-20 12:36:17,LOCAL,CLOUD,HYSTERESIS,52.27,238.08,0.00,155.67,1,1,3,
2026-05-20 12:36:31,CLOUD,LOCAL,HYSTERESIS,52.30,91.73,0.00,198.44,1,0,3,
2026-05-20 14:59:35,LOCAL,CLOUD,HYSTERESIS,22.97,7115.02,0.00,158.01,1,1,3,
2026-05-20 15:00:07,CLOUD,LOCAL,FALLBACK,41.48,183.20,0.00,0.00,1,1,0,cloud_infer failed 3x consecutively
2026-05-20 15:00:15,LOCAL,CLOUD,RECOVERY,0.51,7163.63,0.00,0.00,1,1,5,cloud_infer failed 3x consecutively
2026-05-20 15:00:21,LOCAL,CLOUD,HYSTERESIS,22.30,7160.57,0.00,181.42,1,1,3,
2026-05-20 15:01:43,LOCAL,CLOUD,HYSTERESIS,0.54,7108.99,0.00,206.30,1,1,3,
2026-05-20 15:01:58,CLOUD,LOCAL,HYSTERESIS,175.57,55.95,0.00,411.62,1,0,3,
2026-05-20 15:02:10,LOCAL,CLOUD,HYSTERESIS,6.08,7128.62,0.00,182.49,1,1,3,
2026-05-20 15:02:42,CLOUD,LOCAL,FALLBACK,40.83,176.28,0.00,0.00,1,1,0,cloud_infer failed 3x consecutively
2026-05-20 15:03:04,LOCAL,CLOUD,RECOVERY,37.48,160.16,0.00,0.00,1,1,5,cloud_infer failed 3x consecutively
2026-05-20 15:03:10,LOCAL,CLOUD,HYSTERESIS,39.77,189.48,0.00,165.41,1,1,3,
2026-05-20 15:03:39,CLOUD,LOCAL,HYSTERESIS,170.21,42.24,0.00,321.75,1,0,3,
2026-05-20 15:03:43,CLOUD,LOCAL,FALLBACK,70.88,201.64,0.00,0.00,1,1,0,cloud_infer failed 3x consecutively
2026-05-20 15:03:53,LOCAL,CLOUD,RECOVERY,37.08,179.73,0.00,0.00,1,1,5,cloud_infer failed 3x consecutively
2026-05-20 15:06:10,LOCAL,CLOUD,HYSTERESIS,0.53,1327.57,0.00,119.04,1,1,3,
2026-05-20 15:06:16,CLOUD,LOCAL,HYSTERESIS,164.17,37.16,0.00,209.52,1,0,3,
2026-05-20 15:06:28,LOCAL,CLOUD,HYSTERESIS,20.81,7228.44,0.00,188.94,1,1,3,
2026-05-20 15:07:00,CLOUD,LOCAL,FALLBACK,42.36,296.27,0.00,0.00,1,1,0,cloud_infer failed 3x consecutively
2026-05-20 15:07:09,LOCAL,CLOUD,RECOVERY,0.51,7284.94,0.00,0.00,1,1,5,cloud_infer failed 3x consecutively
2026-05-20 15:07:15,LOCAL,CLOUD,HYSTERESIS,10.64,7261.29,0.00,178.81,1,1,3,
2026-05-20 15:07:47,CLOUD,LOCAL,FALLBACK,40.48,166.13,0.00,0.00,1,1,0,cloud_infer failed 3x consecutively
2026-05-20 15:07:57,LOCAL,CLOUD,RECOVERY,0.52,6627.38,0.00,0.00,1,1,5,cloud_infer failed 3x consecutively
2026-05-20 15:08:03,LOCAL,CLOUD,HYSTERESIS,30.75,8260.57,0.00,165.87,1,1,3,
2026-05-20 15:08:09,CLOUD,LOCAL,HYSTERESIS,141.30,185.12,25.00,205.48,0,1,3,
2026-05-20 15:08:51,LOCAL,CLOUD,HYSTERESIS,0.55,4666.17,0.00,195.99,1,1,3,
2026-05-20 15:08:59,CLOUD,LOCAL,HYSTERESIS,43.21,46.48,0.00,301.06,1,0,3,
2026-05-20 15:09:07,LOCAL,CLOUD,HYSTERESIS,1.07,7461.51,0.00,328.53,1,1,3,
2026-05-20 15:09:39,CLOUD,LOCAL,FALLBACK,35.76,207.92,25.00,0.00,0,1,0,cloud_infer failed 3x consecutively
2026-05-20 15:09:52,LOCAL,CLOUD,RECOVERY,19.17,170.27,0.00,0.00,1,1,5,cloud_infer failed 3x consecutively
2026-05-20 15:09:58,LOCAL,CLOUD,HYSTERESIS,0.48,8052.42,0.00,170.24,1,1,3,
2026-05-20 15:10:29,CLOUD,LOCAL,FALLBACK,81.73,182.49,0.00,0.00,1,1,0,cloud_infer failed 3x consecutively
2026-05-20 15:10:38,LOCAL,CLOUD,RECOVERY,0.68,3994.58,0.00,0.00,1,1,5,cloud_infer failed 3x consecutively
2026-05-20 15:10:44,LOCAL,CLOUD,HYSTERESIS,0.51,1165.17,0.00,314.32,1,1,3,
2026-05-20 15:10:50,CLOUD,LOCAL,HYSTERESIS,197.69,39.42,0.00,362.42,1,0,3,
2026-05-20 15:10:57,LOCAL,CLOUD,HYSTERESIS,20.37,393.09,0.00,183.18,1,1,3,
2026-05-20 15:11:28,CLOUD,LOCAL,FALLBACK,40.64,203.99,0.00,0.00,1,1,0,cloud_infer failed 3x consecutively
2026-05-20 15:11:37,LOCAL,CLOUD,RECOVERY,0.49,7941.88,0.00,0.00,1,1,5,cloud_infer failed 3x consecutively
2026-05-20 15:11:43,LOCAL,CLOUD,HYSTERESIS,13.02,138.97,0.00,175.09,1,1,3,
2026-05-20 15:12:14,CLOUD,LOCAL,FALLBACK,38.95,156.39,0.00,0.00,1,1,0,cloud_infer failed 3x consecutively
2026-05-20 15:12:24,LOCAL,CLOUD,RECOVERY,0.55,6610.41,0.00,0.00,1,1,5,cloud_infer failed 3x consecutively
2026-05-20 15:12:30,LOCAL,CLOUD,HYSTERESIS,0.58,5570.12,0.00,159.93,1,1,3,
2026-05-20 15:13:02,CLOUD,LOCAL,FALLBACK,42.05,180.54,0.00,0.00,1,1,0,cloud_infer failed 3x consecutively
2026-05-20 15:13:17,LOCAL,CLOUD,RECOVERY,0.52,415.74,0.00,0.00,1,1,5,cloud_infer failed 3x consecutively
2026-05-20 15:13:23,LOCAL,CLOUD,HYSTERESIS,0.52,7464.83,0.00,192.09,1,1,3,
2026-05-20 15:13:51,CLOUD,LOCAL,HYSTERESIS,180.57,51.29,0.00,252.13,1,0,3,
2026-05-20 15:13:53,CLOUD,LOCAL,FALLBACK,40.87,285.58,0.00,0.00,1,1,0,cloud_infer failed 3x consecutively
2026-05-20 15:14:03,LOCAL,CLOUD,RECOVERY,0.59,7783.45,0.00,0.00,1,1,5,cloud_infer failed 3x consecutively
2026-05-20 15:14:09,LOCAL,CLOUD,HYSTERESIS,14.18,8000.58,0.00,178.94,1,1,3,
2026-05-20 15:14:28,CLOUD,LOCAL,HYSTERESIS,195.42,46.89,0.00,270.99,1,0,3,
2026-05-20 15:14:34,LOCAL,CLOUD,HYSTERESIS,5.55,6099.70,0.00,222.51,1,1,3,
2026-05-20 15:15:04,CLOUD,LOCAL,FALLBACK,75.12,191.85,0.00,0.00,1,1,0,cloud_infer failed 3x consecutively
2026-05-20 15:15:12,LOCAL,CLOUD,RECOVERY,0.53,6463.96,0.00,0.00,1,1,5,cloud_infer failed 3x consecutively
2026-05-20 15:15:18,LOCAL,CLOUD,HYSTERESIS,0.53,637.49,0.00,286.88,1,1,3,
2026-05-20 15:15:46,CLOUD,LOCAL,FALLBACK,39.16,198.49,0.00,0.00,1,1,0,cloud_infer failed 3x consecutively
2026-05-20 15:15:55,LOCAL,CLOUD,RECOVERY,8.98,8494.79,0.00,0.00,1,1,5,cloud_infer failed 3x consecutively
2026-05-20 15:16:01,LOCAL,CLOUD,HYSTERESIS,0.51,7508.26,0.00,170.00,1,1,3,
2026-05-20 15:16:29,CLOUD,LOCAL,FALLBACK,113.78,173.28,0.00,0.00,1,1,0,cloud_infer failed 3x consecutively
2026-05-20 15:16:37,LOCAL,CLOUD,RECOVERY,10.71,5252.73,0.00,0.00,1,1,5,cloud_infer failed 3x consecutively
2026-05-20 15:16:43,LOCAL,CLOUD,HYSTERESIS,0.85,5126.73,0.00,170.92,1,1,3,
2026-05-20 15:17:11,CLOUD,LOCAL,FALLBACK,103.72,175.95,0.00,0.00,1,1,0,cloud_infer failed 3x consecutively
2026-05-20 15:17:20,LOCAL,CLOUD,RECOVERY,0.67,6042.58,0.00,0.00,1,1,5,cloud_infer failed 3x consecutively
2026-05-20 15:17:26,LOCAL,CLOUD,HYSTERESIS,0.80,5368.71,0.00,185.17,1,1,3,
2026-05-20 15:17:54,CLOUD,LOCAL,FALLBACK,71.68,195.76,0.00,0.00,1,1,0,cloud_infer failed 3x consecutively
2026-05-20 15:18:02,LOCAL,CLOUD,RECOVERY,0.81,5963.11,0.00,0.00,1,1,5,cloud_infer failed 3x consecutively
2026-05-20 15:18:08,LOCAL,CLOUD,HYSTERESIS,0.76,5323.57,0.00,186.01,1,1,3,
2026-05-20 15:18:32,CLOUD,LOCAL,HYSTERESIS,190.48,39.75,0.00,198.98,1,0,3,
2026-05-20 15:18:38,LOCAL,CLOUD,HYSTERESIS,0.82,2764.41,0.00,172.27,1,1,3,
2026-05-20 15:19:07,CLOUD,LOCAL,FALLBACK,42.70,175.94,0.00,0.00,1,1,0,cloud_infer failed 3x consecutively
2026-05-20 15:19:16,LOCAL,CLOUD,RECOVERY,0.81,6192.00,0.00,0.00,1,1,5,cloud_infer failed 3x consecutively
2026-05-20 15:19:22,LOCAL,CLOUD,HYSTERESIS,0.84,5989.72,0.00,164.23,1,1,3,
2026-05-20 15:19:39,CLOUD,LOCAL,HYSTERESIS,156.59,54.11,0.00,253.91,1,0,3,
2026-05-20 15:19:45,LOCAL,CLOUD,HYSTERESIS,40.76,175.98,0.00,188.18,1,1,3,
2026-05-20 15:19:51,CLOUD,LOCAL,HYSTERESIS,168.99,40.22,0.00,331.19,1,0,3,
2026-05-20 15:19:58,LOCAL,CLOUD,HYSTERESIS,39.89,184.97,0.00,193.17,1,1,3,
2026-05-20 15:20:26,CLOUD,LOCAL,FALLBACK,123.27,172.09,0.00,0.00,1,1,0,cloud_infer failed 3x consecutively
2026-05-20 15:20:34,LOCAL,CLOUD,RECOVERY,0.79,5777.28,0.00,0.00,1,1,5,cloud_infer failed 3x consecutively
2026-05-20 15:20:40,LOCAL,CLOUD,HYSTERESIS,0.82,5863.08,0.00,204.87,1,1,3,
2026-05-20 15:21:08,CLOUD,LOCAL,FALLBACK,117.89,193.02,0.00,0.00,1,1,0,cloud_infer failed 3x consecutively
2026-05-20 15:21:17,LOCAL,CLOUD,RECOVERY,0.83,1291.75,0.00,0.00,1,1,5,cloud_infer failed 3x consecutively
2026-05-20 15:21:23,LOCAL,CLOUD,HYSTERESIS,0.83,5887.78,0.00,183.41,1,1,3,
2026-05-20 15:21:51,CLOUD,LOCAL,FALLBACK,78.13,198.25,0.00,0.00,1,1,0,cloud_infer failed 3x consecutively
2026-05-20 15:21:59,LOCAL,CLOUD,RECOVERY,0.81,5761.41,0.00,0.00,1,1,5,cloud_infer failed 3x consecutively
2026-05-20 15:22:05,LOCAL,CLOUD,HYSTERESIS,0.84,5472.02,0.00,189.04,1,1,3,
2026-05-20 15:22:33,CLOUD,LOCAL,FALLBACK,34.84,199.35,0.00,0.00,1,1,0,cloud_infer failed 3x consecutively
2026-05-20 15:22:41,LOCAL,CLOUD,RECOVERY,21.38,351.78,0.00,0.00,1,1,5,cloud_infer failed 3x consecutively
2026-05-20 15:22:47,LOCAL,CLOUD,HYSTERESIS,0.81,409.61,0.00,131.91,1,1,3,
2026-05-20 15:22:54,CLOUD,LOCAL,HYSTERESIS,184.51,48.60,0.00,302.40,1,0,3,
2026-05-20 15:23:00,LOCAL,CLOUD,HYSTERESIS,0.82,6293.03,0.00,259.76,1,1,3,
2026-05-20 15:23:27,CLOUD,LOCAL,FALLBACK,82.98,211.94,0.00,0.00,1,1,0,cloud_infer failed 3x consecutively
2026-05-20 15:23:36,LOCAL,CLOUD,RECOVERY,0.80,5649.85,0.00,0.00,1,1,5,cloud_infer failed 3x consecutively
2026-05-20 15:23:42,LOCAL,CLOUD,HYSTERESIS,0.86,5337.11,0.00,213.19,1,1,3,
2026-05-20 15:24:10,CLOUD,LOCAL,FALLBACK,77.28,188.42,0.00,0.00,1,1,0,cloud_infer failed 3x consecutively
2026-05-20 15:24:18,LOCAL,CLOUD,RECOVERY,0.83,5318.50,0.00,0.00,1,1,5,cloud_infer failed 3x consecutively
2026-05-20 15:24:24,LOCAL,CLOUD,HYSTERESIS,0.79,698.37,0.00,218.56,1,1,3,
2026-05-20 15:24:52,CLOUD,LOCAL,FALLBACK,83.20,204.31,0.00,0.00,1,1,0,cloud_infer failed 3x consecutively
2026-05-20 15:25:00,LOCAL,CLOUD,RECOVERY,0.82,5125.16,0.00,0.00,1,1,5,cloud_infer failed 3x consecutively
2026-05-20 15:25:06,LOCAL,CLOUD,HYSTERESIS,0.77,6243.85,0.00,211.25,1,1,3,
2026-05-20 15:53:23,CLOUD,LOCAL,FALLBACK,50.00,500.00,0.00,350.00,0,0,0,test: cloud timeout
2026-05-20 15:53:23,CLOUD,LOCAL,FALLBACK,-1.00,0.00,0.00,-1.00,0,0,0,first lock
2026-05-20 15:53:23,CLOUD,LOCAL,FALLBACK,-1.00,0.00,0.00,-1.00,0,0,0,test lock
2026-05-20 15:53:23,CLOUD,LOCAL,FALLBACK,-1.00,0.00,0.00,-1.00,0,0,0,test lock
2026-05-20 15:53:23,LOCAL,CLOUD,RECOVERY,50.00,500.00,0.00,350.00,1,1,5,test lock
2026-05-20 15:53:23,CLOUD,LOCAL,FALLBACK,-1.00,0.00,0.00,-1.00,0,0,0,test lock
2026-05-20 15:53:23,CLOUD,LOCAL,FALLBACK,250.00,500.00,0.00,350.00,0,0,0,csv test lock
2026-05-20 15:53:23,CLOUD,LOCAL,FALLBACK,-1.00,0.00,0.00,-1.00,0,0,0,recovery test
2026-05-20 15:53:23,LOCAL,CLOUD,RECOVERY,30.00,800.00,0.00,350.00,1,1,5,recovery test
2026-05-20 15:53:23,CLOUD,LOCAL,FALLBACK,-1.00,0.00,0.00,-1.00,0,0,0,prop test
2026-05-20 15:54:39,CLOUD,LOCAL,FALLBACK,50.00,500.00,0.00,350.00,0,0,0,test: cloud timeout
2026-05-20 15:54:39,CLOUD,LOCAL,FALLBACK,-1.00,0.00,0.00,-1.00,0,0,0,first lock
2026-05-20 15:54:39,CLOUD,LOCAL,FALLBACK,-1.00,0.00,0.00,-1.00,0,0,0,test lock
2026-05-20 15:54:39,CLOUD,LOCAL,FALLBACK,-1.00,0.00,0.00,-1.00,0,0,0,test lock
2026-05-20 15:54:39,LOCAL,CLOUD,RECOVERY,50.00,500.00,0.00,350.00,1,1,5,test lock
2026-05-20 15:54:39,CLOUD,LOCAL,FALLBACK,-1.00,0.00,0.00,-1.00,0,0,0,test lock
2026-05-20 15:54:39,CLOUD,LOCAL,FALLBACK,250.00,500.00,0.00,350.00,0,0,0,csv test lock
2026-05-20 15:54:39,CLOUD,LOCAL,FALLBACK,-1.00,0.00,0.00,-1.00,0,0,0,recovery test
2026-05-20 15:54:39,LOCAL,CLOUD,RECOVERY,30.00,800.00,0.00,350.00,1,1,5,recovery test
2026-05-20 15:54:39,CLOUD,LOCAL,FALLBACK,-1.00,0.00,0.00,-1.00,0,0,0,prop test
2026-05-20 16:03:19,LOCAL,CLOUD,HYSTERESIS,0.76,6576.72,0.00,-1.00,1,1,3,
2026-05-20 16:09:36,LOCAL,CLOUD,HYSTERESIS,0.85,5925.20,0.00,-1.00,1,1,3,
2026-05-20 17:03:48,LOCAL,CLOUD,HYSTERESIS,0.71,837.50,0.00,130.68,1,1,3,
2026-05-20 17:14:53,LOCAL,CLOUD,HYSTERESIS,0.86,5801.25,0.00,180.99,1,1,3,
2026-05-20 17:15:20,CLOUD,LOCAL,FALLBACK,42.50,182.27,0.00,0.00,1,1,0,cloud_infer failed 3x consecutively
2026-05-20 17:15:29,LOCAL,CLOUD,RECOVERY,10.58,2452.09,0.00,0.00,1,1,5,cloud_infer failed 3x consecutively
2026-05-20 17:15:35,LOCAL,CLOUD,HYSTERESIS,0.84,2937.19,0.00,166.62,1,1,3,
2026-05-20 17:15:51,CLOUD,LOCAL,HYSTERESIS,184.66,54.60,0.00,345.69,1,0,3,
2026-05-20 17:15:57,LOCAL,CLOUD,HYSTERESIS,0.78,1786.05,0.00,201.96,1,1,3,
2026-05-20 17:16:25,CLOUD,LOCAL,FALLBACK,41.80,191.91,0.00,0.00,1,1,0,cloud_infer failed 3x consecutively
2026-05-20 17:16:35,LOCAL,CLOUD,RECOVERY,0.80,5447.15,0.00,0.00,1,1,5,cloud_infer failed 3x consecutively
2026-05-20 17:16:41,LOCAL,CLOUD,HYSTERESIS,0.85,5456.01,0.00,196.23,1,1,3,
2026-05-20 17:17:09,CLOUD,LOCAL,FALLBACK,41.21,181.87,0.00,0.00,1,1,0,cloud_infer failed 3x consecutively
2026-05-20 17:17:17,LOCAL,CLOUD,RECOVERY,0.82,6552.32,0.00,0.00,1,1,5,cloud_infer failed 3x consecutively
2026-05-20 17:17:23,LOCAL,CLOUD,HYSTERESIS,0.84,1207.78,0.00,192.66,1,1,3,
2026-05-20 17:17:52,CLOUD,LOCAL,FALLBACK,85.91,157.56,0.00,0.00,1,1,0,cloud_infer failed 3x consecutively
2026-05-20 17:18:00,LOCAL,CLOUD,RECOVERY,0.84,4155.86,0.00,0.00,1,1,5,cloud_infer failed 3x consecutively
2026-05-20 17:18:06,LOCAL,CLOUD,HYSTERESIS,0.84,5976.92,0.00,181.66,1,1,3,
2026-05-20 17:18:35,CLOUD,LOCAL,FALLBACK,80.77,205.30,0.00,0.00,1,1,0,cloud_infer failed 3x consecutively
2026-05-20 17:18:43,LOCAL,CLOUD,RECOVERY,0.80,4069.18,0.00,0.00,1,1,5,cloud_infer failed 3x consecutively
2026-05-20 17:18:49,LOCAL,CLOUD,HYSTERESIS,0.79,6179.45,0.00,372.27,1,1,3,
2026-05-21 04:54:57,LOCAL,CLOUD,HYSTERESIS,37.88,206.80,0.00,165.54,1,1,3,
2026-05-21 04:56:03,LOCAL,CLOUD,HYSTERESIS,46.11,286.47,0.00,158.99,1,1,3,
2026-05-21 11:31:42,LOCAL,CLOUD,HYSTERESIS,7.66,10944.04,0.00,122.86,1,1,3,
2026-05-21 11:45:48,LOCAL,CLOUD,HYSTERESIS,0.50,9167.88,0.00,170.17,1,1,3,
2026-05-21 11:51:27,LOCAL,CLOUD,HYSTERESIS,0.56,8272.79,0.00,-1.00,1,1,3,
2026-05-21 13:12:34,LOCAL,CLOUD,HYSTERESIS,0.54,988.29,0.00,154.86,1,1,3,
2026-05-21 13:16:43,LOCAL,CLOUD,HYSTERESIS,7.21,8496.94,0.00,-1.00,1,1,3,
2026-05-21 13:17:06,CLOUD,LOCAL,HYSTERESIS,23.76,161.36,0.00,7780.03,1,1,3,
2026-05-21 13:20:55,LOCAL,CLOUD,HYSTERESIS,5.45,8154.18,0.00,190.87,1,1,3,
2026-05-21 13:21:49,CLOUD,LOCAL,HYSTERESIS,21.31,328.01,0.00,258.04,1,1,3,
2026-05-21 16:56:19,LOCAL,CLOUD,HYSTERESIS,0.56,7371.36,0.00,-1.00,1,1,1,
2026-05-21 16:56:21,CLOUD,LOCAL,HYSTERESIS,0.56,7371.36,0.00,-1.00,1,1,1,
2026-05-21 16:56:27,LOCAL,CLOUD,HYSTERESIS,0.50,8144.28,0.00,-1.00,1,1,1,
2026-05-21 16:56:31,CLOUD,LOCAL,HYSTERESIS,0.57,7168.22,0.00,-1.00,1,1,1,
2026-05-21 17:21:11,LOCAL,CLOUD,HYSTERESIS,0.63,7911.92,0.00,-1.00,1,1,1,
2026-05-21 17:21:13,CLOUD,LOCAL,HYSTERESIS,0.59,6832.50,0.00,-1.00,1,1,1,
2026-05-21 17:22:53,LOCAL,CLOUD,HYSTERESIS,0.49,6101.92,0.00,-1.00,1,1,1,
2026-05-21 17:27:17,LOCAL,CLOUD,HYSTERESIS,0.55,6537.00,0.00,-1.00,1,1,1,
